"accuracy_metric_score","annotation_id","annotation_notes","annotator","context","created_at","factuality_subtype_choice","faithfulness_subtype_choice","generated_answer","hallucination_subtype","hallucination_type","high_temp_samples","id","is_correct","lead_time","question","reference_answers","selected_for_annotation","updated_at"
0.0,416,"","1","","2025-04-14T10:27:18.912474Z","A2_ContraindicationIndication","","1. Tocilizumab (Actemra) 2. Infliximab (Remicade)","","","[""M1177, M1288"",""Adalimumab"",""rhuMAb 5191 and rhuMAb 5192"",""ABT-199"",""Adalimumab and Infliximab"",""A, B, C, D, E, F"",""TN10 and TN20"",""1) OmpF (C. difficile) 2) NasA (C. difficile)"",""Omnitrex (ABT-888) and Adcetris (brentuximab vedotin)"",""TN181 and TN182""]","5a7240aa2dc08e987e00000d",False,188.248,"List two human monoclonal antibodies against Clostridium difficile toxins.","[""actoxumab"",""bezlotoxumab""]",True,"2025-04-14T10:27:18.912501Z"
0.0,417,"","1","","2025-04-14T10:28:03.944264Z","A3_DiagnosticCriteriaDefinition","","inhibition of IL-17A","","","[""blockade of IL-17A and IL-17F signaling pathways"",""Blockade of JAK\/STAT pathway"",""Inhibition of the JAK\/STAT pathway"",""Inhibiting the 11-beta-hydroxysteroid dehydrogenase type 1 (11β-HSD1) enzyme"",""an inhibitor of the JAK\/STAT pathway"",""inhibits janus kinase 1 (JAK1) and janus kinase 2 (JAK2)"",""It's a Janus kinase 2 (JAK2) inhibitor"",""Inhibiting the receptor, JAK2"",""inhibition of Janus kinases (JAKs)"",""blockade of JAK1 and JAK2""]","5cd96f33a49efeb44c000004",False,44.787,"What is the mode of action of filgotinib?","[""JAK1 inhibitor""]",True,"2025-04-14T10:28:03.944281Z"
0.0,418,"","1","","2025-04-14T11:42:24.090951Z","","A1_ContextIgnorant","selenoprotein synthesis is dependent on the presence of selenocysteine","","","[""amino acids, selenomethionine, and 20 mM glutamine"",""selenoprotein P (SPP) is a 475 amino acid selenoprotein, which contains two selenocysteine residues."",""Nicotinamide adenine dinucleotide (NAD), selenoprotein, and thioredoxin"",""selenium"",""Selenium ions"",""D-3-dehydrocholesterol, lipoyl, selenoprotein"",""Ribosomes, selenocysteine, and thioredoxin."",""Cysteine and methionine"",""sulphur"",""Thioredoxin, glutaredoxin, selenocysteine""]","51766e438ed59a060a000031",False,4459.887,"Name the factors required for selenoprotein synthesis in eukaryotes","[""eFSec"",""SBP2"",""SECp43"",""PSTK"",""Sec synthase"",""SPS2"",""tRNASec"",""SECIS element"",""(L30)"",""SPS1""]",True,"2025-04-14T11:42:24.090969Z"
0.0,419,"","1","","2025-04-14T12:00:00.635718Z","A3_DiagnosticCriteriaDefinition","","short stature, bowing of the long bones, and aortic root dilatation","","","[""Scoliosis, joint contractures, and lens dislocation"",""Elevation of the scapula"",""Bowing of the legs and flat feet"",""Pectus excavatum"",""short stature, kyphoscoliosis, ocular abnormalities, cleft lip, hypotonia, and dental anomalies"",""Arthropathy"",""Hip, wrist and shoulder dislocation"",""Osteopenia"",""Ocular, orthopedic, cardiac, and pulmonary problems"",""Skeletal dislocation and abnormalities of the neck and spine""]","532f0b2cd6d3ac6a3400002c",False,1056.296,"Which are the musculoskeletal manifestations of Marfan syndrome?","[""scoliosis"",""dural ectasia"",""pectus excavatum and carinatum"",""arachnodactyly"",""otto pelvis"",""dolichostenomelia"",""ligamentous laxity""]",True,"2025-04-14T12:00:00.635735Z"
0.0,420,"","1","","2025-04-14T12:00:42.581233Z","B2_FabricatedEntityGuideline","","Bmal1, Clock, Per1, Per2, Per3, Cry1, Cry2, Cryptochrome 1, Cryptochrome 2, Cryptochrome 3, Cryptochrome 4, Cryptochrome 5, Cryptochrome","","","[""Clock, CLOCK, BMAL1, PER1, PER2, PER3, RORα, RORβ, NPAS2"",""Bmal1, Per1, Per2, Per3, Ror2, Clock"",""period1, period2, timeless, clock, cryptochrome, daf-2, and clock-controlled gene-24"",""BMAL1, CLOCK, PER1, PER2, PER3, CRY1, CRY2, BNIP3L, BCL2L11, BCL2L12"",""Arntl, Bmal1, Cry1, Cry2, Per1, Per2, Per3"",""Clock, Bmal1, Cryptochrome, Cry2, Dbp, Per1, Per2, Per3, Per4, Rev-ErbA"",""CLOCK, BMAL1, PER1, PER2, PER3"",""Per1, Per2, Per3, BMAL1, CLOCK, NR2C2, NPAS2, NPAS3, ARNT2, BHLHE40, BHLHE40, CLK2, BHL"",""Ror"",""CRY1, CRY2, PER2, PER3""]","56e30dd551531f7e33000016",False,41.704,"List core circadian clock genes.","[""CLOCK"",""BMAL1"",""Per"",""Cry"",""CKlε""]",True,"2025-04-14T12:00:42.581253Z"
0.0,421,"","1","","2025-04-14T12:01:38.850982Z","","A1_ContextIgnorant","Migraine","","","[""Physiotherapy"",""Cefotaxime"",""carbamazepine"",""oxygen"",""lidocaine"",""antivertical drug"",""acetaminophen"",""triptans"",""Diuretics"",""amitriptyline""]","53262cdcd6d3ac6a34000003",False,56.027,"What is the definitive treatment for low pressure headache?","[""epidural blood patch""]",True,"2025-04-14T12:01:38.851002Z"
0.0,422,"","1","","2025-04-14T12:02:15.092043Z","A3_DiagnosticCriteriaDefinition","","DNA-dependent protein kinase","","","[""Olaparib is a potent and selective inhibitor of the poly ADP ribose polymerase 1 (PARP1)"",""BRCA1"",""PARP"",""BRCA1"",""LRRK2"",""PARP1"",""Poly ADP-ribose polymerase (PARP)"",""DNA repair"",""BRCAness"",""Buboform polyposis syndrome (BPS)""]","5e42d1a748dab47f26000010",False,36.002,"What is drug target for olaparib?","[""poly ADP ribose polymerase (PARP)""]",True,"2025-04-14T12:02:15.092063Z"
0.0,423,"","1","","2025-04-14T12:02:52.081733Z","B2_FabricatedEntityGuideline","","Non-small cell lung cancer","","","[""Ovarian cancer"",""breast cancer"",""metastatic melanoma"",""glioblastoma multiforme"",""malignant melanoma"",""prostate"",""Hodgkin's lymphoma"",""breast cancer"",""Hodgkin lymphoma"",""pancreatic cancer""]","550e866271445a662f000005",False,36.756,"Intetumumab has been tested in clinical trials for treatment of which cancers?","[""prostate cancer"",""melanoma"",""angiosarcoma""]",True,"2025-04-14T12:02:52.081751Z"
0.0,424,"","1","","2025-04-14T12:03:21.065491Z","A3_DiagnosticCriteriaDefinition","","yes","","","[""no"",""yes"",""yes"",""yes"",""yes"",""no"",""yes"",""yes"",""yes"",""yes""]","5327139ad6d3ac6a3400000d",False,28.741,"Is the Prostate- Specific Antigen (PSA) test relevant only for prostate cancer?","[""no""]",True,"2025-04-14T12:03:21.065508Z"
0.0,425,"","1","","2025-04-14T12:06:26.517089Z","A3_DiagnosticCriteriaDefinition","","amino acid sequence","","","[""The Golgi retention signal"",""DDX18"",""an ERES sequence"",""Proline-rich sequence"",""glutamic acid, proline, glutamine, glutamine"",""amino acid sequence in the endoplasmic reticulum (ER) membrane"",""Leucine zipper motif"",""Arg-Ser-Gly-Lys-Gln"",""lysine-arginine-glutamic acid-valine (KREV)"",""N-terminal sequence""]","623e02e0f0baec9a1b000005",False,185.217,"What is the KDEL retention signal?","[""ER retention sequence (KDEL)""]",True,"2025-04-14T12:06:26.517107Z"
0.0,426,"","1","","2025-04-14T12:07:08.033468Z","A3_DiagnosticCriteriaDefinition","","GATA-1","","","[""Ikaros"",""GATA-1"",""AP-1"",""HIF1"",""Runt related transcription factor 1 (Runx1)"",""Runt-related transcription factor 2 (Runx2)"",""C-Fos"",""TAL1"",""HOB1"",""PU.1""]","5fdb43aea43ad3127800002b",False,41.268,"Which transcription factor regulates emergency granulopoiesis?","[""c\/EBPβ"",""c\/EBPbeta""]",True,"2025-04-14T12:07:08.033487Z"
0.0,427,"","1","","2025-04-14T12:30:30.232280Z","A3_DiagnosticCriteriaDefinition","","confusion, ataxia, and nystagmus","","","["""",""Involuntary eye movements, hyperventilation, and nystagmus"","""",""1) headache"",""confusion, tremor, nystagmus"",""ataxia, mental retardation, and confusion"",""headache, nausea, confusion"",""confusion, paralysis of facial muscles, ataxia"",""confusion, nausea, and vomiting."",""Headache, Lethargy, Nystagmus, Blurred vision, Hearing loss, Dilated pupils""]","5a981bcffcd1d6a10c00002d",False,1401.948,"List 3 symptoms of Wernicke encephalopathy.","[""ophthalmoplegia"",""ataxia"",""acute confusion""]",True,"2025-04-14T12:30:30.232300Z"
0.0,428,"","1","","2025-04-14T12:32:47.832820Z","A3_DiagnosticCriteriaDefinition","","covalent","","","[""c-C=N"",""Hydrogen bonds"",""covalent"",""O-H bonds"",""C-N"",""covalent"",""-N-H"",""C-N bonds"",""α-α-α-σ bonds"",""non-covalent""]","56f96333cf1c325851000004",False,137.351,"What kind of bonds are connecting keratin molecules?","[""cystine disulfide bonds"",""amide bonds"",""hydrogen bonds""]",True,"2025-04-14T12:32:47.832839Z"
0.0,429,"","1","","2025-04-14T12:33:53.937991Z","A3_DiagnosticCriteriaDefinition","","serotonin, dopamine, norepinephrine, histamine, and acetylcholine","","","[""Serotonin, Norepinephrine, and Dopamine"",""glutamate, aspartate, GABA, dopamine, norepinephrine"",""glutamate, GABA, dopamine, norepinephrine, acetylcholine, serotonin, histamine, glutamine, proline"",""monoamine oxidase, norepinephrine, epinephrine, and dopamine"",""serotonin, norepinephrine, dopamine"",""dopamine, norepinephrine, serotonin"",""dopamine, serotonin"",""serotonin, norepinephrine, dopamine, histamine"",""serotonin, norepinephrine, dopamine, histamine, and histamine metabolites."",""monoamines: 5-HT, dopamine and noradrenaline""]","56cf4b623975bb303a00000a",False,65.858,"List the neurotransmitters that are metabolized by MAOA.","[""serotonin"",""norepinephrine"",""dopamine""]",True,"2025-04-14T12:33:53.938010Z"
0.0,430,"","1","","2025-04-14T12:34:55.510583Z","B1_StatisticalEpidemiological","","10","","","[""11"",""20"",""14"",""16"",""12"",""6"",""15"",""26"",""100"",""58""]","593ff22b70f9fc6f0f000023",False,61.324,"How many Groucho-related genes (GRG) are contained in the mouse genome?","[""four"",""4""]",True,"2025-04-14T12:34:55.510609Z"
0.0,431,"","1","","2025-04-14T12:36:07.304276Z","","","obesity, hypertension, dyslipidemia, insulin resistance, and hyperglycemia","","","[""obesity, abdominal obesity, hyperinsulinemia, hypertension, and dyslipidemia"",""overweight, high blood pressure, high blood triglycerides, high blood sugar, abdominal obesity"",""obesity, hypertension, dyslipidemia, hyperglycemia, hypertriglyceridemia"",""central obesity, increased blood pressure, impaired fasting glucose, high triglycerides and low HDL cholesterol."",""hypertension, increased waist circumference, elevated triglyceride levels, reduced HDL cholesterol levels, and elevated blood glucose levels"",""dyslipidemia, hypertension, insulin resistance, abdominal obesity, and central adiposity"",""Hypertension, high blood pressure, hyperglycemia, obesity, hyperlipidemia"",""hypertension, dyslipidemia, insulin resistance, fatty liver, obesity"",""obesity, insulin resistance, hypertension, dyslipidemia, and hypertriglyceridemia"",""hypercholesterolemia, hypertriglyceridemia, hypertension, dyslipidemia, obesity""]","601ff55a1cb411341a000077",False,71.529,"What are the five traits associated with metabolic syndrome?","[""obesity"",""insulin resistance"",""dyslipidemia"",""hypertension"",""hyperglycemia""]",True,"2025-04-14T12:36:07.304294Z"
0.0,432,"","1","","2025-04-14T12:37:12.241063Z","","A1_ContextIgnorant","Lansoprazole","","","[""Dilantin and Neurontin"",""Topiramate and Topotecan"",""Lopinavir\/ritonavir"",""11-(S)-hydroxydiphenhydramine (11-hydroxydiphenhydramine) and 11-(R)-hydroxydiphenhydramine (11-hydro"",""Zyprexa, Zyprexa Mixed Aqueous Solution, Zyprexa ODT 5mg"",""Bupropion"",""bromocriptine"",""Rituximab, cyclosporine, and thalidomide"",""AstraZeneca"",""11-deoxycortisol and aldosterone""]","5c72a9147c78d6947100006e",False,64.687,"Which drugs are included in the Lonsurf pill?","[""trifluridine"",""tipiracil""]",True,"2025-04-14T12:37:12.241081Z"
0.0,433,"","1","","2025-04-14T12:40:27.760617Z","A3_DiagnosticCriteriaDefinition","","erythema multiforme, Stevens-Johnson syndrome, toxic epidermal necrolysis, and drug-induced lupus erythematosus","","","[""Cutaneous lupus erythematosus, scleroderma, and dermatomyositis"",""Blau Syndrome, Fanconi's Anemia, Erythroblastosis Fetalis, Wiskott-Aldrich Syndrome"",""Atopic dermatitis, eczema, psoriasis"",""Bullous Pemphigoid and Pemphigus vulgaris"",""Allergic contact dermatitis (ACD), urticaria pigmentosa (UP), urticaria pigmentosa with eosinophilia (UPE), atopic dermatitis (AD), allergic contact"",""alopecia, dermatitis, psoriasis, urticaria, pruritus, angioedema, angioedema associated with anaphylaxis and erythema multiforme"",""Dry eyes, dry mouth, dry nose, dry skin, dry vagina, and oral ulcers"",""Cutaneous reactions are either a primary or secondary reaction to the disease or its treatment. The primary cutaneous reactions include drug rash with eosinophilia and systemic symptoms (DRESS) and drug-induced cutaneous"",""pemphigus, eczema, and contact dermatitis"",""systemic lupus erythematosus (SLE) and dermatomyositis (DM)""]","58a45d6060087bc10a00001d",False,195.282,"Which diseases are involved in the severe cutaneous reactions (SCAR) spectrum?","[""Stevens-Johnson syndrome"",""Toxic epidermal necrolysis"",""Acute generalized exanthematous pustulosis""]",True,"2025-04-14T12:40:27.760635Z"
0.0,434,"","1","","2025-04-14T12:46:50.726950Z","A3_DiagnosticCriteriaDefinition","","a type of cantharidin","","","[""A type of wart."",""A skin disease caused by a fungal infection"",""A condition characterized by excessive scarring or atrophy of the limbs."",""corn flower"",""a condition characterized by painful choroidal neovascularization of the posterior segment of the eye"",""a fleshy growth that can cover the eyelid"",""the dystopia of the eye"",""a type of canthal fold"",""A disease of the eye caused by a virus"",""Mosaic canthorum""]","5e361c8792b3349b55000001",False,382.67,"What is dystopia canthorum?","[""a prominent broad nasal root with increased intercanthal distance.""]",True,"2025-04-14T12:46:50.726968Z"
0.0,435,"","1","","2025-04-14T12:47:52.744741Z","A3_DiagnosticCriteriaDefinition","","G protein-coupled receptors","","","[""G protein-coupled receptors (GPCRs)"",""H2R"",""cannabinoid type 1"",""glucagon-like peptide 1 (GLP-1) receptor"",""serotonin"",""CCK, PYY, GLP-1, and NPY"",""glucagon-like peptide 1 receptor (GLP-1R)"",""Glycogen synthase kinase 3β"",""G protein-coupled receptors"",""CCK""]","61f6055b882a024a10000021",False,61.774,"Which receptors are targeted by Tirzepatide?","[""glucose-dependent insulinotropic polypeptide"",""glucagon-like peptide-1""]",True,"2025-04-14T12:47:52.744759Z"
0.0,436,"","1","","2025-04-14T12:49:04.744590Z","A3_DiagnosticCriteriaDefinition","","Tandem Repeat Finder","","","[""FIMO"",""MSP"",""LAGAN"",""MIRA"",""MUMmer"",""PAGED"",""Tandem Repeat Finder"",""Tandem Repeat Finder"",""HERD algorithm"",""Tandem Repeat Finder""]","5e36d5b9b5b409ea53000009",False,71.761,"Which algorithm has been developed for detecting expansions of tandem repeats?","[""ExpansionHunter""]",True,"2025-04-14T12:49:04.744607Z"
0.0,437,"","1","","2025-04-14T13:22:03.125990Z","A3_DiagnosticCriteriaDefinition","","molecular weight, lipophilicity, hydrogen bond donors, hydrogen bond acceptors, polar surface area, molecular weight, logP, logP, logP, logP, logP, logP, logP,","","","[""Drug likeness refers to the likelihood that a compound is bioactive and has an acceptable risk-benefit profile for therapeutic use."",""the size of the molecule, molecular weight, acid and basic groups, solubility, and polarity"",""lipophilicity, hydrogen bond donors, hydrogen bond acceptors, log P"",""LogP and MTD"",""physicochemical, pharmacokinetic, biological and toxicological"",""biological activity, solubility, pharmacokinetics, toxicity, oral bioavailability"",""structure, lipophilicity, and molecular weight"",""LogP, hydrogen-bond donors, hydrogen-bond acceptors, polar surface area, molecular weight, AlogP, and number of hydrophobic atoms"",""Molecular weight, log P, molecular polar surface area"",""the physicochemical and pharmacokinetic properties""]","6278c73756bf9aee6f00000b",False,1978.145,"Which are the components that evaluate druglikeness?","[""No more than 5 hydrogen bond donors"",""No more than 10 hydrogen bond acceptors"",""A molecular mass less than 500 daltons"",""An octanol-water partition coefficient (log P) that does not exceed 5""]",True,"2025-04-14T13:22:03.126019Z"
0.0,438,"","1","","2025-04-15T06:27:35.906734Z","","","47,XXY","","","[""47, XXYY"",""47,XXY"",""47,XYY"",""47,XXY"",""sex chromosome 4"",""XXY"",""47,XXY"",""47,XXY"",""47,XXY"",""47,XXY""]","5e669e0e1af46fc130000019",False,61532.541,"What is the chromosomal abnormality associated with Klinefelter Syndrome","[""XXY""]",True,"2025-04-15T06:27:35.906752Z"
0.0,439,"","1","","2025-04-15T06:28:18.790445Z","A3_DiagnosticCriteriaDefinition","","H3K9me3","","","[""H3K9me3"",""H2A.Z"",""lysine methylation"",""H3K27me3"",""H3K9"",""H3K9me2"",""H3K9me2"",""H3K9me3"",""methylation"",""H3K9me2""]","52e0c9a298d0239505000010",False,42.635,"Which histone modifications are associated with constitutive heterochromatin?","[""H3K9Me1"",""H3K27me1"",""H3K27me2"",""H4K20me3"",""H3K79me3"",""H3S10""]",True,"2025-04-15T06:28:18.790464Z"
0.0,440,"","1","","2025-04-15T06:29:05.339889Z","","A2_InstructionMisinterpretation","5-aza-2'-deoxycytidine (5-aza-dC) and 5-aza-2'-deoxycytidine (5-aza-dC)","","","[""5-azacytidine"",""SAHA"",""Aza- and Gentianes- 3-carboxamide derivatives"",""azacitidine and decitabine"",""methotrexate"",""azacytidine and 5-azacytidine"",""L-threo-N6-isopentenyl pyrophosphate (IPP), L-threo-N6-homopiperazino-N1-methyl-L-lysine (HM"",""Brequinar and TSA"",""azacitidine"",""AZD6482""]","5165932e298dcd4e51000059",False,46.31,"Which are the DNA (cytosine-5-)-methyltransferases inhibitors?","[""5-azacytidine"",""5-azadeoxycytidine"",""5-azacytosine"",""5-fluorodeoxycytidine"",""5,6-dihydro-5-azacytosine"",""4'-thio-2'-deoxycytidine"",""hydralazine"",""2-(1H)-pyrimidinone riboside"",""2-(1H)-pyrimidinone"",""procaine"",""procainamide"",""RSC133"",""Psammaplin A""]",True,"2025-04-15T06:29:05.339914Z"
0.0,441,"","1","","2025-04-15T06:29:40.929452Z","A3_DiagnosticCriteriaDefinition","","a process of vesicle fusion","","","[""A mechanism by which antibiotics are able to disrupt cell membranes"",""Vesiculation or vesiculation"",""vesicular transport"",""Vesiduction is the breakdown of the phosphoryl-estrogen bonds in the 1- and 2-position of the estrone-3-sulfate-6-glucuronide"",""The vesiculation of a cell during which the cell membrane and the cytoskeleton are disrupted."",""a process where vesicles from the Golgi apparatus move to the plasma membrane, where they fuse with the cell surface to form vesicles"",""The release of endogenous vasopressin from the vasopressin-containing neurons of the paraventricular nucleus."",""The process of vesicle movement from the Golgi apparatus to the plasma membrane."",""The process by which vesicles fuse with a lysosome, releasing their contents into the lysosome."",""It is the process of vesicle release from the Golgi apparatus.""]","603219c21cb411341a000133",False,35.344,"What is vesiduction?","[""'Vesiduction' as a fourth mode of intercellular DNA transfer.""]",True,"2025-04-15T06:29:40.929470Z"
0.0,442,"","1","","2025-04-15T06:32:21.841659Z","A3_DiagnosticCriteriaDefinition","","H3K4me3 and H3K27me3","","","[""H3K4me2"",""H3K27ac and H3K4me2"",""H3K4me3 and H3K27me3"",""acetylation"",""H3K4me3 and H3K27me3"",""H3K4me3 and H3K27me3"",""PTMs of lysine 4 of histone H3."",""H3K4me2 and H3K27me3"",""H3K4me2, H3K4me3 and H3K9me3"",""SWR1 and H2A.Z""]","56c3326750c68dd41600000b",False,160.65,"Which histone modifications are correlated with transcription elongation?","[""H3K36me3""]",True,"2025-04-15T06:32:21.841676Z"
0.0,443,"","1","","2025-04-15T06:33:13.487278Z","A3_DiagnosticCriteriaDefinition","","the microbiome of the male reproductive tract","","","[""microbiota of the mouth"",""a gene that is expressed in a sexually dimorphic manner"",""The collective genome of microorganisms in the human body"",""the collection of the microbial communities in the human body"",""a type of microbiome associated with reproductive health"",""the microbiome of the urethra"",""The set of microbial communities associated with the microbes in the human body."",""The microbiota of a person's anus"",""a new field in microbiology"",""The microbiome is the collection of microorganisms living in the human gut.""]","5e920fe42d3121100d00000f",False,51.41,"What is the microgenderome?","[""The sexually dimorphic microbiome has been termed the 'microgenderome'.""]",True,"2025-04-15T06:33:13.487297Z"
0.0,444,"","1","","2025-04-15T06:39:39.466229Z","Factuality_Other","","in the plasma membrane","","","[""cell surface"",""In the endoplasmic reticulum"",""on the cell surface"",""cytoplasm and mitochondria"",""pannexins are localized in apical plasma membrane of ciliated type II pneumocytes in the respiratory tract and pancreatic duct epithelial cells"",""in intracellular membranes"",""in the plasma membrane of mitochondria and endoplasmic reticulum"",""In the cell membrane"",""inside mitochondria"",""in pannexons""]","5c7d5fcfd774d04240000011",False,385.727,"Where are pannexins localized?","[""In membranes""]",True,"2025-04-15T06:39:39.466249Z"
0.0,445,"","1","","2025-04-15T06:40:48.426526Z","","A2_InstructionMisinterpretation","antibiotics","","","[""metronidazole and amoxicillin"",""amoxicillin, metronidazole and clarithromycin"",""antibiotics, acid suppression, H2 antagonists, or proton pump inhibitors"",""H2 blockers and PPIs"",""triple therapy (metronidazole + amoxicillin + clarithromycin)"",""7-Day Pain Free Anti-H. pylori regimen with or without antacids"",""antibiotics, antacids, and acid-suppressive drugs"",""antibiotics and proton pump inhibitors"",""amoxycillin"",""1000mg of clarithromycin followed by 500mg of amoxicillin for 7 days""]","518cb5ab310faafe08000008",False,68.709,"Which are the best treatment options to treat Helicobacter pylori?","[""amoxicillin"",""metronidazole"",""claritromycin"",""Proton pump inhibithors"",""rifabutin"",""Eudragit L100""]",True,"2025-04-15T06:40:48.426544Z"
0.0,446,"","1","","2025-04-15T06:41:59.666371Z","A3_DiagnosticCriteriaDefinition","","yes","","","[""yes"",""yes"",""yes"",""yes"",""yes"",""yes"",""yes"",""yes"",""yes"",""yes""]","5fdb4311a43ad31278000028",False,70.982,"Are enhancers directional in their targeting of gene promoters?","[""no""]",True,"2025-04-15T06:41:59.666391Z"
0.0,447,"","1","","2025-04-15T06:46:37.510135Z","A3_DiagnosticCriteriaDefinition","","3' UTR","","","[""V3 loop"",""X-box"",""Secretoglobin, family 13 (SEGN13)"",""Ribosomal-binding-loop"",""SECIS element"",""Sec-12"",""SDR56"",""RAN"",""Pribnow box"",""CCAAT-binding factor""]","533ea8fcc45e133714000010",False,277.606,"What is the name of the stem loop present in the 3' end of genes encoding for selenoproteins?","[""SECIS""]",True,"2025-04-15T06:46:37.510154Z"
0.0,448,"","1","","2025-04-15T06:47:18.370060Z","","A1_ContextIgnorant","coxsackievirus","","","[""coxplot"",""Lumigene"",""cnn-package"",""cox"",""pam"",""coxme"",""GSVA"",""CRAN\/MASS"",""cox"",""GSVA""]","5a6e3155b750ff445500003f",False,40.613,"Which R/Bioconductor package has been developed for cancer subtype identification?","[""CancerSubtypes""]",True,"2025-04-15T06:47:18.370079Z"
0.0,449,"","1","","2025-04-15T06:55:40.180437Z","A3_DiagnosticCriteriaDefinition","","B-cell maturation antigen","","","[""Lynch syndrome"",""phosphatase and tensin homolog"",""CD6"",""B-cell receptor"",""Cystic fibrosis transmembrane conductance regulator (CFTR)"",""PD-1"",""Zap 70"",""PD-1"",""ZAP-70"",""IDO1""]","5321bc309b2d7acc7e00000d",False,501.553,"What is the target protein of the drug Idelalisib?","[""PI3K-δ"",""phosphoinositol-3 kinase delta isoform""]",True,"2025-04-15T06:55:40.180456Z"
0.0,450,"","1","","2025-04-15T06:58:52.214911Z","","A2_InstructionMisinterpretation","","","","[""malnutrition, fatigue, malaise, dyspnea, arthralgia, anemia, pancytopenia, lymphadenopathy, weight loss"",""Osteonecrosis of the maxillary teeth"",""Sweating at rest and during exercise, palpitations, shortness of breath, diaphoresis, fever, and hyperventilation."",""Aphthous stomatitis, ulcers, fever, neurological symptoms, hematologic symptoms, and lymphoma"",""swollen lymph nodes, fever, fatigue, anorexia, nausea, vomiting, weight loss, enlarged lymph nodes, decreased appetite"",""Headache, nausea, vomiting, weight loss, anemia"",""Bell's palsy, neck discomfort, hoarseness, and respiratory symptoms"",""Cervical granuloma, erythematous to red mucous membranes"",""Diarrhea, vomiting, abdominal cramps, nausea, fever, chills, sore throat, viral pneumonia, encephalopathy, rash"",""Palpitation of chest, palpitation of heart, and swelling of neck and arms.""]","5a75ee7e83b0d9ea66000005",False,191.783,"List symptoms of the Zieve's syndrome.","[""jaundice"",""hyperlipidaemia"",""haemolytic anaemia""]",True,"2025-04-15T06:58:52.214929Z"
0.0,451,"","1","","2025-04-15T07:00:03.661700Z","A3_DiagnosticCriteriaDefinition","","CAGE","","","[""MIRA"",""LAGAN"",""Homology Modeling"",""phylogenetic profile"",""DNASTAR"",""PhyloP"",""MCL"",""MACSE"",""HOMER"",""UCSC""]","5e2894109499698331000002",False,71.218,"Which algorithm has been developed for finding conserved non-coding elements (CNEs)?","[""CNEFinder""]",True,"2025-04-15T07:00:03.661720Z"
0.0,452,"","1","","2025-04-15T07:00:45.906410Z","A3_DiagnosticCriteriaDefinition","","CYP1A1, CYP1A2, CYP1B1, CYP1B2, CYP1C1, CYP1D1, CYP1E1, CYP1E2, CYP","","","[""OTTHUMP00000024280, OTTHUMP00000026625, OTTHUMP00000016520"",""KITLG"",""NANO and UL138"",""ODC1"",""13 of 19"",""L-type amino acid transporter"",""genes 1-14"",""CCR5"",""GADPH and PRKAR1A"",""GPIHBP1""]","58839d892305cd7e21000006",False,41.987,"Which genes of the marmoset genome exhibit rapid sequence evolution?","[""protein-coding genes related to reproduction"",""microRNA genes related to reproduction""]",True,"2025-04-15T07:00:45.906429Z"
0.0,453,"","1","","2025-04-15T07:01:14.996162Z","B1_StatisticalEpidemiological","","yes","","","[""yes"",""yes"",""yes"",""yes"",""yes"",""no"",""no"",""yes"",""yes"",""yes""]","530cefaaad0bf1360c000004",False,28.854,"Is bapineuzumab effective for treatment of patients with Alzheimer's disease?","[""no""]",True,"2025-04-15T07:01:14.996182Z"
0.0,454,"","1","","2025-04-15T07:01:50.341434Z","B1_StatisticalEpidemiological","","1000","","","[""5"",""270,000"",""6,800,000"",""65,000"",""40% of the genome is bound by this element"",""1500"",""12,000"",""6,000"",""21,000"",""450""]","533c38b3c45e133714000009",False,35.102,"What is an approximate number of CTCF binding sites in the human genome?","[""30,000-50,000""]",True,"2025-04-15T07:01:50.341454Z"
0.0,455,"","1","","2025-04-15T07:03:49.198560Z","A3_DiagnosticCriteriaDefinition","","yes","","","[""no"",""yes"",""yes"",""no"",""yes"",""yes"",""yes"",""yes"",""yes"",""yes""]","5a6e49a4b750ff445500004b",False,118.619,"Is LDB1-mediated enhancer looping dependent on cohesin?","[""no""]",True,"2025-04-15T07:03:49.198579Z"
0.0,456,"","1","","2025-04-15T07:06:04.184557Z","A3_DiagnosticCriteriaDefinition","","serum calcium, serum phosphate, and serum 25-hydroxyvitamin D","","","[""ACTH and cortisol"",""PYY"",""Prolactin, 17-hydroxyprogesterone, 17-ketoprogesterone"",""TBG, 17-OH progesterone, and 17-OH estrone"",""TSH, LH, FSH"",""TSH, 17-OHCS"",""serum calcium, erythrocyte magnesium"",""ACTH, cortisol, TSH, and prolactin"",""PTH, ACTH, cortisol, and oxytocin"",""Cortisol, estradiol, progesterone""]","530f900ee3eabad021000003",False,134.744,"Which hormone concentrations are altered in patients with the Allan–Herndon–Dudley syndrome?","[""Thyroid""]",True,"2025-04-15T07:06:04.184576Z"
0.0,457,"","1","","2025-04-15T07:06:37.008404Z","A2_ContraindicationIndication","","yes","","","[""yes"",""yes"",""yes"",""yes"",""yes"",""yes"",""yes"",""yes"",""yes"",""yes""]","5e4b5f9a6d0a277941000021",False,32.571,"Should Pentoxifylline be used for treatment of amyotrophic lateral sclerosis?","[""no""]",True,"2025-04-15T07:06:37.008423Z"
0.0,458,"","1","","2025-04-15T07:07:05.614126Z","A3_DiagnosticCriteriaDefinition","","CpG methylation","","","[""A-to-I editing"",""Arg2Gly substitution"",""stop codon readthrough"",""CpG methylation"",""Splicing"",""CpG methylation"",""CCA-to-UAA modification"",""UGA -> UAA"",""TGA stop codon"",""Arginine nitration""]","56ffdc1ccf1c32585100000b",False,28.351,"Which is the most common editing modification in eukaryotic mRNA?","[""A-to-I""]",True,"2025-04-15T07:07:05.614144Z"
0.0,459,"","1","","2025-04-15T07:07:38.227008Z","","A2_InstructionMisinterpretation","","","","[""nephrotic syndrome, hypertension, arterial hypertension, hypotension, hypertensive crisis, arterial hypertension, hypertensive crisis"",""Cystic fibrosis, Sjo ̈gren syndrome"",""Myasthenia gravis"",""Crohn's disease"",""Cancer"",""Urinary tract infections, cystitis, bacterial prostatitis, urinary stones, benign prostatic hyperplasia, prostatitis, sexually transmitted infections"","""",""Lupus, Henoch-Schönlein purpura, Behçet's disease, autoimmune thyroid disease, scleroderma, vasculitis, multiple sclerosis, polyarter"",""diabetes"",""Hirschsprung disease, Celiac disease, Crohn's disease, Multiple sclerosis, Ulcerative colitis, Chronic active hepatitis, Mental retardation, Cerebral p""]","5c580fe107647bbc4b00001b",False,32.371,"List clinical disorders or diseases where uc.189 is involved?","[""Esophageal squamous cell carcinoma"",""Cervical squamous cell carcinomas"",""Endometrial adenocarcinomas""]",True,"2025-04-15T07:07:38.227028Z"
0.0,460,"","1","","2025-04-15T07:08:23.919466Z","","A2_InstructionMisinterpretation","Heterozygous for the WHIM syndrome","","","[""hypogammaglobulinemia, immunodeficiency, myeloproliferative disorder"",""Hemophilia A, immunodeficiency, Kartagener's syndrome, leukocytosis"",""short stature, skin hyperpigmentation, hypogammaglobulinemia, and a predilection for white cells."",""It is a rare X-linked recessive disease characterized by the presence of three of the following: a disorder of the haematopoietic stem cells, a disorder of the mucosal immune system, and"",""it is a primary immunodeficiency disease"",""Chronic mucocutaneous candidiasis, HIV\/AIDS, IgG4-related disease, HIV-associated immunodeficiency"",""Short stature, female hypogonadism, and skin lesions (erythema, vesicles, and nodules)"",""Pharyngitis, HIV, Immunodeficiency, and Male (2X)"",""Pharyngeal pseudomembranes, Hairy tongue, Acanthosis nigricans, Congenital dyserythropoietic anaemia"",""immunodeficiency, mixed cutaneous and mucocutaneous infection, and lymphadenopathy""]","5c55de1607647bbc4b00000a",False,45.448,"List four features of the WHIM syndrome.","[""Warts"",""Hypogammaglobulinemia"",""Infections"",""Myelokathexis""]",True,"2025-04-15T07:08:23.919486Z"
0.0,461,"","1","","2025-04-15T07:09:06.059169Z","A3_DiagnosticCriteriaDefinition","","Bcl-2","","","[""NFKBIZ"",""BCL2"",""Nuclear factor of kappa light polypeptide gene enhancer in B-cells inhibitor (NB1)"",""MAGE"",""cIAPs"",""C3a"",""BCL3 and BCL11A"",""NFKBIZ"",""IkB"",""P12""]","530db83b38c1322806000002",False,41.9,"Which proteins cause cytoplasmic sequestration of NF-kB?","[""I-kBs"",""Sef"",""NF-kB1 (p105)"",""NF-kB2 (p100)""]",True,"2025-04-15T07:09:06.059187Z"
0.0,462,"","1","","2025-04-15T07:09:44.893850Z","A3_DiagnosticCriteriaDefinition","","Bismark","","","[""Bismark"",""Bismark"",""Bismark"",""bwa-samtools"",""bwa-mem"",""FatCap"",""Bismark"",""Manta"",""Cis-Genomics"",""Bismark""]","5c6aef167c78d69471000023",False,38.551,"Which tool has been developed for GPU-accelerated alignment of bisulfite-treated DNA sequences?","[""Arioc""]",True,"2025-04-15T07:09:44.893869Z"
0.0,463,"","1","","2025-04-15T07:11:16.028872Z","A3_DiagnosticCriteriaDefinition","","RAST, skin prick test, blood test, nasal challenge test","","","[""nasal allergy skin test (nasal challenge test), nasal and nasal-labyrinth airflow test (nasal challenge test)"",""Eyes, nose, throat, and skin"",""Rhinoconjunctivitis Questionnaire (RCP), Allergy Testing Questionnaire (ATQ) and Rhinoconjunctivitis Questionnaire (RCP)"",""Blood tests for specific IgE antibodies and skin tests"",""blood tests (specific immunoglobulin E) and skin tests"",""blood test, nasal swab, nasal wash"",""Skin prick testing and nasal challenge"",""Allergen skin prick test, Blood test, Immunoglobulin E (IgE) test, Allergy test"",""RAST"",""Snealocide""]","624f0813e764a5320400000a",False,90.893,"Please list the tests used to diagnose Allergic Rhinitis.","[""positive methacholine challenge result or bronchodilator responsiveness"",""determination of IgE-mediated sensitization"",""Skin prick test (SPT)"",""Phadiatop"",""nasal provocation test (NPT)"",""rhinomanometry""]",True,"2025-04-15T07:11:16.028892Z"
0.0,464,"","1","","2025-04-15T07:12:53.622222Z","A3_DiagnosticCriteriaDefinition","","yes","","","[""yes"",""yes"",""yes"",""yes"",""yes"",""yes"",""yes"",""yes"",""yes"",""yes""]","550899c92e93f0133a000003",False,97.335,"Is K-63 linked protein ubiquitination related to proteasomal degradation?","[""no""]",True,"2025-04-15T07:12:53.622247Z"
0.0,465,"","1","","2025-04-15T07:14:32.225883Z","A3_DiagnosticCriteriaDefinition","","yes","","","[""yes"",""yes"",""yes"",""yes"",""yes"",""yes"",""no"",""yes"",""no"",""yes""]","58a71bb960087bc10a00002d",False,98.361,"Are Ultra-conserved elements (UCEs) enriched in segmental duplications?","[""no""]",True,"2025-04-15T07:14:32.225902Z"
0.0,466,"","1","","2025-04-15T07:17:03.739150Z","A3_DiagnosticCriteriaDefinition","","Hypotonia, microcephaly, micrognathia, and a broad nasal bridge.","","","[""1) Anomalies of the face: short palpebral fissures, small nose, upslanting palpebral fissures, a low nasal bridge and low, widely spaced, low-set e"",""The Kaufman Oculocerebrofacial Syndrome has 17 features that include, abnormal eye movements, low muscle tone, scoliosis, cleft lip, cleft palate, and short st"",""(I) hearing loss, (II) neurological signs (IV) oculocerebrofacial expression, (V) growth restriction, (VI) intellectual disability, (VII) amyotrophic"",""hemianopia, asymmetry of the upper and lower half of the body, low muscle tone, and ataxia."","""",""the craniofacial abnormalities are present in infancy"",""1) severe developmental delay; 2) microcephaly; 3) absent or incomplete fusion of the ears; 4) distinctive facial features (e.g., large forehead, flat nasal bridge,"","""",""Pigmentary deafness, cataract, optic atrophy, ptosis, microcephaly, microcephalic facies, and deafness."",""""]","5895b7157d9090f353000009",False,151.276,"List features of the Kaufman Oculocerebrofacial Syndrome.","[""hypotonia"",""developmental delay"",""intellectual disability"",""low cholesterol levels"",""microcephaly"",""long narrow face"",""ocular anomalies"",""long thin hands and feet""]",True,"2025-04-15T07:17:03.739169Z"
0.0,467,"","1","","2025-04-15T07:17:33.528286Z","","A2_InstructionMisinterpretation","autoimmune disease","","","[""Immune tolerance"",""autoimmune uveitis"",""Sjögren syndrome"",""hypersensitivity of the thyroid to antibodies"",""autoimmune regulator"",""hyper IgE syndrome"",""Autoimmune diabetes"",""no"",""Rheumatoid Arthritis (RA)"",""Mild or moderate cognitive impairment""]","5cb39707ecadf2e73f000060",False,29.551,"What is the results of mutations in the gene autoimmune regulator?","[""Autoimmune-polyendocrinopathy-candidiasis-ectodermal dystrophy (APECED)""]",True,"2025-04-15T07:17:33.528304Z"
0.0,468,"","1","","2025-04-15T07:18:02.801899Z","A3_DiagnosticCriteriaDefinition","","CYP1A1","","","[""CYP17A1"",""CYP17A1"",""CYP1A2"",""GATA binding protein"",""CYP1A2"",""CYP17A1"",""Histone deacetylase"",""CYP2C9"",""CYP1A1"",""HMG-CoA reductase""]","53357ca0d6d3ac6a3400004b",False,29.024,"Which enzyme is inhibited by a drug fostamatinib?","[""spleen tyrosine kinase""]",True,"2025-04-15T07:18:02.801917Z"
0.0,469,"","1","","2025-04-15T07:18:31.078051Z","","A2_InstructionMisinterpretation","serotonin receptors","","","[""α1-adrenergic"",""5-HT1A, 5-HT2A, 5-HT2C, 5-HT3, 5-HT4, 5-HT6"",""D2 and D4"",""GABAB, 5HT2C, D2\/D3"",""serotonin, melatonin, and orexin"",""serotonin receptors"",""norepinephrine receptor 1A"",""serotonin receptors"",""serotonin and dopamine"",""serotonin, 5-HT1A""]","55242d512c8b63434a000006",False,28.037,"Which receptors can be evaluated with the [18F]altanserin?","[""5-HT2A""]",True,"2025-04-15T07:18:31.078071Z"
0.0,470,"","1","","2025-04-15T07:18:57.914585Z","A3_DiagnosticCriteriaDefinition","","SWI/SNF","","","[""Tup1"",""LAG3"",""SWI3"",""SWI6"",""Yeast FACT complex"",""Ulp1"",""Hap1"",""HOP1"",""Msh2"",""Dax1""]","58adc1ff9ef3c34033000006",False,26.586,"Which protein mediates gene loop formation in the yeast S. cerevisiae?","[""TFIIB""]",True,"2025-04-15T07:18:57.914608Z"
0.0,471,"","1","","2025-04-15T07:19:50.508708Z","A3_DiagnosticCriteriaDefinition","","Parkinson's disease","","","[""Parkinsonism"",""Parkinson's disease"",""PD"",""Parkinson's disease"",""Parkinson's disease"",""Huntington's Disease"",""Parkinsonism"",""Parkinson's disease"",""Huntington's disease"",""Multiple Sclerosis""]","5e46eb7a3f5415952900000d",False,52.351,"Which disease is rated using the Fahn-Tolosa-Marin scale?","[""essential tremor""]",True,"2025-04-15T07:19:50.508728Z"
0.0,472,"","1","","2025-04-15T07:20:21.773098Z","B2_FabricatedEntityGuideline","","CCM1, CCM2, CCM3, CCM4, CCM5, CCM6, CCM7, CCM8, CCM9, CCM10, CCM11, CCM12","","","[""MAK, SLC6A3, and MFRP"",""KCNJ2, KCNJ3, KCNQ2, and KCNQ3"",""MEG3"",""HMGN1, HMGN2, HMGN3, HMGN4, HMGN5, HMGN6"",""ATRX and TSC1"",""CAV1, CAV2, CAV3, CASR, TIMP3"",""APC, L1CAM, PPP1R9A, SPARC"",""ATRX and CDH13"",""CACNA1A and CACNB2"",""TMEM219""]","571f2b5bbb137a4b0c000010",False,30.987,"Which genes have been associated with Cerebral Cavernous Malformation?","[""CCM1\/KRIT1"",""CCM2\/OSM\/Malcavernin"",""CCM3\/PDCD10""]",True,"2025-04-15T07:20:21.773127Z"
0.0,473,"","1","","2025-04-15T07:21:00.637072Z","A3_DiagnosticCriteriaDefinition","","IL-17A","","","[""IL6"",""CEBPA"",""PTPN22"",""HLA-DRB1*15:01"",""MMP-3"",""DTH3"",""PTPN2"",""CD163"",""T-bet"",""C-reactive protein""]","58e7902b3e8b6dc87c000007",False,38.607,"Which is the most common gene signature in Rheumatoid Arthritis patients?","[""Interferon signature"",""IFN signature""]",True,"2025-04-15T07:21:00.637089Z"
0.0,474,"","1","","2025-04-15T07:21:37.816602Z","B2_FabricatedEntityGuideline","","karyogram","","","[""karyogram"",""ggGCHrom"",""rpy2"",""RGtk2"",""kinnet"",""karyogram"",""karyo"",""Karyogram"",""KaryoViz"",""rkary""]","588f2de394c1512c50000001",False,36.933,"Which R package is used for visualization of linear and circular karyotypes?","[""chromDraw""]",True,"2025-04-15T07:21:37.816620Z"
0.0,475,"","1","","2025-04-15T07:44:04.380330Z","","A2_InstructionMisinterpretation","1. The SHERLOCKv2 platform is a fully integrated, open-source, and modular platform for the development of next-generation sequencing (NGS) based assays. 2. The SHERLOCKv2 platform is","","","[""1) improved data processing, 2) improved user interface, 3) integration of the SHERLOCKv2 platform with new computational tools and 4) development of new algorithms."",""(a) Enhanced imaging capabilities; (b) 3-D reconstruction and image-guided surgery; (c) High-resolution tissue processing and immunohistochemistry; (d) Replacement of"",""iDNA, O-2212, O-2211, and O-2210"",""the ability to sequence, align and annotate genomic and transcriptomic data in a single experiment, the ability to rapidly sequence and annotate hundreds of genomes simultaneously, the ability to quickly and accurately align sequences against high-throughput datasets,"",""(1) In vitro and in silico screening (2) Quantification of active compounds (3) Exploration of biological targets (4) Validation of candidate compounds"",""HPLC-MS, ION-ChroMAT, MALDI-MS, and Bioinformatics."",""(1) Enhanced imaging, (2) Improved reconstruction and (3) Improved statistical models, and (4) More complex workflow"",""1. Improved analytical chemistry, 2. Improved analytical chemistry, 3. Improved analytical chemistry, and 4. Improved bioinformatics."",""1) new data sets, 2) new analysis tools, 3) new integration and visualization, and 4) new user interface"",""A genome browser, a gene expression database, a protein sequence database and a transcriptome database""]","5c928958ecadf2e73f000017",False,1346.306,"List the four advances integrated into the SHERLOCKv2 platform.","[""four-channel single-reaction multiplexing with orthogonal CRISPR enzymes"",""quantitative measurement of input as low as 2 attomolar"",""3.5-fold increase in signal sensitivity by combining Cas13 with Csm6, an auxiliary CRISPR-associated enzyme"",""lateral-flow readout""]",True,"2025-04-15T07:44:04.380350Z"
0.0,476,"","1","","2025-04-15T07:48:42.276391Z","B1_StatisticalEpidemiological","","100 years","","","[""10-20 years"",""40-45 years"",""10 years"",""40-60 years"",""25 years"",""23"",""11 years less"",""27"",""60 years"",""30 years""]","52e62bae98d0239505000015",False,277.648,"What is the life expectancy of professional athletes in respect to the general population?","[""longer than the general population"",""No clear results indicating improved life expectancy in professional athletes""]",True,"2025-04-15T07:48:42.276409Z"
0.0,477,"","1","","2025-04-15T07:57:13.676249Z","B2_FabricatedEntityGuideline","","Arabidopsis ROF1 is induced by the Arabidopsis thaliana homolog of the yeast Rho1p GTPase.","","","[""Nicotine"",""Phosphoribosylpyrophosphate-generating enzymes"",""Arabidopsis ROF1 is induced by 14-3-3."",""amylase"",""nitric oxide"",""Rhizobium"",""Salinity"",""mannose"",""Mitochondrial proteins"",""ABA""]","5a888b56d543831129000002",False,511.156,"What induces Arabidopsis ROF1 expression?","[""Wounding"",""Elevated NaCl levels"",""Heat""]",True,"2025-04-15T07:57:13.676268Z"
0.0,478,"","1","","2025-04-15T07:58:02.388340Z","A3_DiagnosticCriteriaDefinition","","the spinal canal","","","[""Dorsal scapular area"",""the coccygeal region"",""Inside the crus of the vertebrae"",""in the intervertebral foramen"",""the nucleus pulposus"",""the vertebral artery (near the foramen lacerum)"",""in the spinal column"",""Tibial plateau"",""The cortex of the brain"",""6th cervical vertebra""]","58917c88621ea6ff7e00000a",False,48.472,"Where can you find the annulus of Zinn?","[""orbit"",""EYE""]",True,"2025-04-15T07:58:02.388357Z"
0.0,479,"","1","","2025-04-15T07:58:44.152412Z","A3_DiagnosticCriteriaDefinition","","Wnt-1","","","[""Rett syndrome"",""Prader-Willi syndrome"",""Fukuyama congenital muscular dystrophy"",""WAGR"",""X-linked hypoparathyroidism"",""Wiedemann-Rieger Syndrome"",""Batten disease"",""CNS-related developmental disorder"",""Alagille syndrome"",""Shagreen syndrome""]","5709ee36cf1c32585100001e",False,41.526,"Which syndrome is associated with mutant DVL1?","[""Robinow syndrome""]",True,"2025-04-15T07:58:44.152429Z"
0.0,480,"","1","","2025-04-15T07:59:27.315339Z","A3_DiagnosticCriteriaDefinition","","CYP17A1","","","[""CYP2C19, CYP2C9, CYP2D6, CYP2E1, CYP3A4, CYP3A5, CYP450, CYP4F2, C"",""4-amino-3-nitrophenyl butyrate (ANPB) and 4-amino-3-nitrophenyl propionate (ANPP)"",""amoxicillin"",""Inhibitors of CYP1A2"",""MALATE DEHYDROGENASE, FERRIC REDUCING ANTIOXIDANT PEROXIDASE (FRAP)"",""diltiazem"",""Nicotine"",""Allopurinol, quinidine, amiodarone, diltiazem, erythromycin, quinine, penicillin, sinemet, metoprolol, verapamil,"",""CYP1A1, CYP1B1, CYP1C1, CYP1D1, CYP1F1, CYP1F2, CYP2A13, CYP2B1, C"",""Zn2+""]","58ce5c7c1f5fb2b734000001",False,42.925,"List metalloenzyme inhibitors.","[""VT-1129"",""VT-1161"",""BB-3497"",""hydroxamate molecules"",""siderophores"",""Foscarnet""]",True,"2025-04-15T07:59:27.315357Z"
0.0,481,"","1","","2025-04-15T08:00:05.365187Z","A3_DiagnosticCriteriaDefinition","","Ctf4 is a component of the replisome and is involved in the initiation of DNA replication.","","","[""helps in the replication of linear chromosomes"",""Ctf4 acts as a nucleotide excision repair factor, exhibiting high affinity for single-stranded DNA."",""to facilitate the movement of Dna polymerase along the leading strand during replication"",""Ctf4 helps to assemble the RPA-primase complex at replication origins and provides primase activity."",""Ctf4 acts as a scaffolding protein that promotes the formation of the replisome, which allows the fork to be re-initiated."",""Ctf4 has a crucial role in the early steps of dna replication, particularly in the initiation step."",""Ctf4 is involved in the replication of chromatin"",""Aids in initiation of replication at origins of replication"",""binds to amino-terminal tails of damaged DNA"",""Initiation of DNA replication.""]","530cf22aa177c6630c000004",False,37.798,"What is the main role of Ctf4 in dna replication?","[""Coordination of the progression of helicase and DNA polymerase alpha at the eukaryotic replication fork.""]",True,"2025-04-15T08:00:05.365204Z"
0.0,482,"","1","","2025-04-15T08:05:16.814488Z","A3_DiagnosticCriteriaDefinition","","Ca2+ binding","","","[""Ca2+ and calcium-regulated"",""forming a network to hold cell membranes together"",""Protein serine\/threonine kinases"",""regulation of membrane integrity and lipid bilayer permeability"",""Ca2+ binding"",""actin binding and regulation of membrane structure"",""Ca2+ binding"",""Actin binding, calcium binding and membrane transport"",""forming multimeric structures and mediating interactions between extracellular proteins and membranes"",""regulation of the membrane potential""]","60322d811cb411341a000138",False,311.188,"Which are the main functions of the annexin family?","[""membrane organization and membrane transport events"",""membrane-guiding auxiliary proteins or modulators of channel activity"",""extracellular autocrine modulators of receptor function""]",True,"2025-04-15T08:05:16.814505Z"
0.0,483,"","1","","2025-04-15T08:06:45.239306Z","A3_DiagnosticCriteriaDefinition","","clustering and principal component analysis","","","[""principal components analysis (PCA), t-distributed stochastic neighbor embedding (t-SNE), non-negative matrix factorization (NMF)"",""RNA-seq"",""differential expression analysis and clustering"",""(i) filtering, (ii) binning, (iii) clustering"",""clustering and hierarchical clustering"",""segmentation by differential expression or by pairwise alignment"",""2D-arrays and mRNA-sequencing"",""RNA-seq, RNA-seq, or RNA-seq"",""RNA-Seq and microarray"",""mRNA expression profiling and DNA methylation analysis""]","5c72c9207c78d6947100007b",False,88.19,"Which methods are used for genome segmentation of gene expression data?","[""Reversible Jump Markov Chain Monte Carlo"",""Markov Models"",""combinatorial genome segmentation""]",True,"2025-04-15T08:06:45.239323Z"
0.0,484,"","1","","2025-04-15T08:07:21.204725Z","A3_DiagnosticCriteriaDefinition","","H3K4me3","","","[""Histone H3 lysine 4"",""methylation"",""H3K4me3"",""acetylation"",""acetylation"",""acetylation"",""acetylation"",""acetylation"",""H3K4me2"",""H3K4me3""]","53398855d6d3ac6a3400005b",False,35.71,"What histone modification is recognized by the bromodomain?","[""Acetylated lysines""]",True,"2025-04-15T08:07:21.204743Z"
0.0,485,"","1","","2025-04-15T08:07:45.782676Z","A3_DiagnosticCriteriaDefinition","","yes","","","[""no"",""no"",""yes"",""yes"",""yes"",""yes"",""yes"",""yes"",""yes"",""yes""]","5a9931cd1d1251d03b00000d",False,24.334,"Does SARM1 deletion cause neurodegeneration?","[""no""]",True,"2025-04-15T08:07:45.782702Z"
0.0,486,"","1","","2025-04-15T08:08:13.395057Z","A3_DiagnosticCriteriaDefinition","","Crohn's disease","","","[""osteoarthritis"",""Knee osteoarthritis"",""Treatment of HIV-1 infection"",""Alzheimer's Disease"",""cystic fibrosis"",""Neonatal meningitis"",""neuromyelitis optica"",""Type 2 diabetes"",""Liver Cirrhosis"",""Fragile X syndrome""]","602356b81cb411341a000099",False,27.363,"Tofersen has been developed for treatment of which disease?","[""amyotrophic lateral sclerosis""]",True,"2025-04-15T08:08:13.395075Z"
0.0,487,"","1","","2025-04-15T08:08:42.733124Z","A3_DiagnosticCriteriaDefinition","","1. Fever 2. Cough 3. Sputum","","","[""abdominal pain, back pain and tinnitus"",""Fever, Cough, Sputum, Abdominal pain, Fatigue, Headache, Pain in the joints, Skin lesions, Rashes, Weakness, Hypotension, Brady"",""Fever, chills, sore throat"",""Headache, cough, and sore throat."",""1. Anxiety 2. Restlessness 3. Insomnia"",""cough, dyspnea, and hypoxemia"",""fever, chills, sore throat, malaise, arthralgia, muscle pain, diarrhea, nausea, vomiting, photophobia, conjunctivitis, hemat"",""cough, sore throat, and fever"","""",""1. cough and fever. 2. cough and hemoptysis. 3. cough and dyspnea.""]","56bdfa73ef6e394741000003",False,29.109,"List symptoms of Hakim Triad.","[""dementia"",""gait disturbances"",""urinary incontinence""]",True,"2025-04-15T08:08:42.733141Z"
0.0,488,"","1","","2025-04-15T08:09:24.938950Z","A3_DiagnosticCriteriaDefinition","","CPSF30, CPSF60, CPSF70, CPSF80","","","[""ELL"",""the mRNA binding protein Yen1"",""DHHC12, DHHC21, DHHC22, and DHHC13"",""the CPSF complex and the SMN complex"",""Polypurine tract binding protein (Ppb)"",""Cleavage Factor I, Cleavage Factor II, Cleavage Factor III, Ran GTPase"",""CES1"",""Ctf4p, Ctf5p, TAP1p, Sac2p, Ctf6p"",""poly(A)-binding protein"",""DRH2, DRH3, HUMM1, HUMM2, HUMM3""]","58add7699ef3c34033000009",False,41.952,"Which proteins does the yeast Cleavage and Polyadenylation Complex contain?","[""Nrd1"",""Rap1"",""Trf4"",""Rrp6"",""Ssu72"",""PAP"",""Cstf64"",""Pcf11""]",True,"2025-04-15T08:09:24.938969Z"
0.0,489,"","1","","2025-04-15T08:09:52.808011Z","A3_DiagnosticCriteriaDefinition","","Alzheimer's disease","","","[""Familial Mediterranean fever"",""scleroderma"",""Ehlers-Danlos Syndrome"",""Malignant melanoma"",""Alzheimer's disease"",""Sjogren's Syndrome"",""osteoarthritis"",""Alzheimer's disease"",""rheumatoid arthritis"",""rheumatoid arthritis""]","55203ae78e534a4535000001",False,27.619,"In which condition was protein S100A7 originally identified?","[""psoriasis""]",True,"2025-04-15T08:09:52.808028Z"
0.0,490,"","1","","2025-04-15T08:10:27.298552Z","A3_DiagnosticCriteriaDefinition","","the multiple sclerosis model","","","[""The randomised clinical trial"",""MRI"",""The Multiple Sclerosis Clinical Research Network (MSCRN)"",""Fischer 344 rats"",""CSF-derived monoclonal antibodies"",""Multiple sclerosis (MS) model"",""NMSSMS"",""EAE"",""Multiple sclerosis (MS) is caused by a disease in which the immune system attacks the myelin sheath."",""the experimental autoimmune encephalomyelitis (EAE) model""]","5139b31dbee46bd34c000004",False,34.224,"Which is the most widely used model for the study of multiple sclerosis (MS)?","[""Experimental autoimmune encephalomyelitis (EAE)""]",True,"2025-04-15T08:10:27.298571Z"
0.0,491,"","1","","2025-04-15T08:10:56.025944Z","A2_ContraindicationIndication","","yes","","","[""yes"",""yes"",""no"",""yes"",""Yes"",""yes"",""yes"",""yes"",""Yes"",""yes""]","5ab144fefcf4565872000012",False,28.484,"The TRPM2 gene is associated with development of spontaneous thromboembolism?","[""no""]",True,"2025-04-15T08:10:56.025962Z"
0.0,492,"","1","","2025-04-15T08:12:59.310766Z","B2_FabricatedEntityGuideline","","Pedigree Viewer","","","[""PGDirect"",""SNPs"",""GEDmatch"",""Historians"",""Geneologia"",""Ped3"",""Ancestry.com, MyHeritage.com, and RootsMagic"",""GenoChip"",""iPedigree and Geni"",""Genetics home reference""]","5c6d6b377c78d69471000039",False,123.04,"Which web-based pedigree editors are available?","[""Pedigreejs"",""Madeline 2.0 Pedigree Drawing Engine (PDE)""]",True,"2025-04-15T08:12:59.310783Z"
0.0,493,"","1","","2025-04-15T08:13:28.669374Z","A3_DiagnosticCriteriaDefinition","","yes","","","["""","""",""yes"","""","""","""","""",""yes"",""yes"",""""]","5c97a08becadf2e73f000029",False,29.118,"Velocardial facial syndrome, otherwise known as Di George syndrome  is caused by a deletion in chromosome 21, yes or no?","[""no""]",True,"2025-04-15T08:13:28.669391Z"
0.0,494,"","1","","2025-04-15T08:14:01.592901Z","A3_DiagnosticCriteriaDefinition","","Hsc70","","","[""Toll-like receptor 4"",""Hsc70"",""Hsc73"",""HECT family E3 ubiquitin ligases"",""CLEC9A"",""Hsc70"",""Hsp70"",""HSF1"",""SLC7A11"",""CID101""]","51bdd9c2047fa84d1d000002",False,32.692,"Which is the receptor for substrates of Chaperone Mediated Autophagy?","[""LAMP2A"",""Lysosome-associated membrane protein 2 isoform A""]",True,"2025-04-15T08:14:01.592920Z"
0.0,495,"","1","","2025-04-15T08:14:40.273172Z","A3_DiagnosticCriteriaDefinition","","1. CRS-1: acute kidney injury (AKI) and acute heart failure (AHF) 2. CRS-2: AKI and AHF 3. CRS-3: AKI","","","[""I. Cardiac failure"","""",""CRS I: left ventricular dysfunction"",""1) ARDS, 2) CRS-I (acute kidney injury), 3) CRS-II (acute tubular necrosis), 4) CRS-III (acute lung injury),"",""Type A, Type B, Type C, Type D, and Type E"",""A) Severe and persistent cardiac dysfunction, severe and persistent renal dysfunction; B) Severe and persistent cardiac dysfunction; C) Severe and persistent renal dysfunction; D) Severe"",""1. Classic CRS 2. IgA 3. Steroid resistant CRS 4. Metabolic and neuroendocrine CRS 5. Risk factors for CRS"",""type 1 (primary or secondary failure), type 2 (pre-renal, pulmonary or cardiac failure), type 3 (uncomplicated cardiogenic shock), type 4 (pulmonary embolism"",""1) Cardiorenal syndrome A: Kidney disease leading to heart failure (heart failure); 2) Cardiorenal syndrome B: Heart failure leading to kidney failure (heart failure); 3)"",""1. Hypokalemic metabolic alkalosis, 2. Hypomagnesemic metabolic alkalosis, 3. Hypophosphatemic metabolic alkalosis, 4. Acute renal failure,""]","58da5dc58acda34529000016",False,38.432,"List the types of the Cardiorenal syndrome (CRS) according to the five-part classification system.","[""CRS type 1"",""CRS type 2"",""CRS type 3"",""CRS type 4"",""CRS type 5""]",True,"2025-04-15T08:14:40.273189Z"
0.0,496,"","1","","2025-04-15T08:15:02.196175Z","A3_DiagnosticCriteriaDefinition","","Yes","","","[""yes"",""Yes"",""NADPH oxidase 5 has 2 subunits, p22phox and p40phox."",""Yes, NADPH oxidase 5 requires an NADPH oxidase component Nox2."",""yes"",""Yes"",""Yes"",""yes"",""yes"",""Yes""]","58a5add260087bc10a000022",False,21.666,"Does NADPH oxidase 5 require any subunit for function?","[""no""]",True,"2025-04-15T08:15:02.196194Z"
0.0,497,"","1","","2025-04-15T08:15:36.680066Z","A3_DiagnosticCriteriaDefinition","","a small molecule","","","[""TNF-R1 antagonist"",""Peptide"",""Aptamer"",""angiopoietin"",""Lipid"",""an anticancer agent"",""a CYP4F enzyme inhibitor"",""a kinase inhibitor"",""Inhibitor"",""Heterobifunctional cross-linking agent""]","5e2a1096aa19d7443100000e",False,34.236,"What kind of molecule is AZD8601?","[""mRNA""]",True,"2025-04-15T08:15:36.680084Z"
0.0,498,"","1","","2025-04-15T08:19:50.401257Z","A3_DiagnosticCriteriaDefinition","","Estramustine phosphate sodium, carboplatin, and etoposide","","","[""Tamoxifen"",""Rapamycin, Glucan, Griseofulvin, Liposomal doxorubicin"",""Lazabemide (Temgesic), Carbamazepine (Tegretol), Diazepam (Valium), Methadone (Dolophine), Lamotrigine (Lamict"",""etoposide and ifosfamide"",""4-aminopyridine, 3-aminopyridine, orthovanadate, and tetraphenylphosphonium bromide"",""Temoporfin and etoposide"",""Estramustine and dexamethasone"",""Doxorubicin, 5-fluorouracil, and chlorambucil"",""vincristine, actinomycin, and etoposide"",""vincristine, etoposide, dactinomycin, actinomycin, doxorubicin, and cisplatin""]","60274ec61cb411341a0000e5",False,253.463,"Which drugs are included in the VAC regiment for Ewing's sarcoma?","[""vincristine"",""actinomycin"",""cyclophosphamide""]",True,"2025-04-15T08:19:50.401275Z"
0.0,499,"","1","","2025-04-15T08:21:18.785464Z","A3_DiagnosticCriteriaDefinition","","LY2140023","","","[""AstraZeneca"",""LY2127399"",""BAY 43-9006"",""Daclizumab"",""6-aminoquinoline"",""LY233706"",""Osimertinib"",""Sacituzumab govitecan"",""AZD3146"",""Vedolizumab""]","54f35ad864850a5854000004",False,88.119,"LY450139 is investigational name of which drug?","[""semagacestat""]",True,"2025-04-15T08:21:18.785484Z"
0.0,500,"","1","","2025-04-15T08:21:53.203500Z","A3_DiagnosticCriteriaDefinition","","Xanthomonas axonopodis pv. axonopodis","","","[""Xanthomonas malvae"",""Xanthomonas axonopodis pv. oryzae"",""Xylella fastidiosa"",""Xanthomonas syzygii"",""Xylella fastidiosa"",""Xanthomonas axonopodis pv. axonopodis"",""Fusarium solani"",""Xylella fastidiosa"",""Fusarium sporangiosa"",""Xylella fastidiosa""]","56b7083376d8bf8d13000001",False,34.174,"What is the causative agent of the ""Panama disease"" affecting bananas?","[""Fusarium oxysporum f. sp. cubense""]",True,"2025-04-15T08:21:53.203518Z"
0.0,501,"","1","","2025-04-15T08:22:32.401077Z","A3_DiagnosticCriteriaDefinition","","CYP1A1 and CYP1A2","","","[""cytochrome P450 (CYP)"",""CYP1A2 and CYP11B1"",""COMT, MAO-A, MAO-B"",""CYP1A2 and CYP1B1"",""OCH"",""adrenoleukodystrophy (ALD)"",""CYP1A1 and CYP1A2"",""dopamine"",""Arylalkyleneglycol O-methyltransferases"",""CYP1A1""]","589c215778275d0c4a00003c",False,38.949,"Which enzymes synthesize catecholamines in adrenal glands?","[""Tyrosine Hydroxylase"",""Aromatic L-amino acid decarboxylase"",""Dopamine β-hydroxylase"",""Phenylethanolamine N-methyltransferase""]",True,"2025-04-15T08:22:32.401096Z"
0.0,502,"","1","","2025-04-15T08:22:45.853382Z","","","Inhibits CYP3A4","","","[""inhibition"",""inhibition of CYP3A4"",""CYP3A4 is inhibited by grapefruit juice"",""Increases CYP3A4"",""increases metabolism of statins"",""decreased activity"",""A 50% decrease in induction of CYP3A4"",""decrease"",""Inhibits CYP3A4"",""CYP3A4 enzyme is inhibited by grapefruit juice.""]","62058198c9dfcb9c09000030",False,13.186,"What is the effect of grapefruit juice on CYP3A4?","[""Inhibitory""]",True,"2025-04-15T08:22:45.853401Z"
0.0,503,"","1","","2025-04-15T08:24:06.935608Z","","A2_InstructionMisinterpretation","florbetapir and flutemetamol","","","[""Pittsburgh compound B and Pittsburgh compound T"",""amyloid beta-peptide (1-42)"",""fluorine-18 fluorodeoxyglucose (F18 FDG)"",""flavin-containing monooxygenases (FMOs) and sulfotransferases (SULTs)"",""florbetapir and flutemetamol"",""Phosphoramide mustards"",""11C-N-methyl-2-deoxyglucose ( 11C- 2-DG) and 18F-florbetapir"",""florbetapir and flutemetamol"",""Glutamate, Lacampot, PCB's, 1-methyl-4-phenyl-1,2,3,6-tetrahydropyridine (MPTP)"",""florbetapir""]","5311bf53e3eabad021000006",False,80.838,"Which are the biotracers used for detection of Alzheimer's disease using PET?","[""Pittsburgh compound B"",""Florbetaben (BAY 94-9172)"",""Florbetapir F 18 (18F-AV-45)"",""18F flutemetamol (flute)""]",True,"2025-04-15T08:24:06.935626Z"
0.0,504,"","1","","2025-04-15T08:24:42.082972Z","A3_DiagnosticCriteriaDefinition","","yes","","","[""yes"",""yes"",""yes"",""yes"",""yes"",""yes"",""yes"",""yes"",""yes"",""yes""]","5a7d50d0faa1ab7d2e000016",False,34.892,"Is ACI-35 a passive vaccine?","[""no""]",True,"2025-04-15T08:24:42.082989Z"
0.0,505,"","1","","2025-04-15T08:25:16.001632Z","A3_DiagnosticCriteriaDefinition","","13q14.3","","","[""15 and 21"",""12 and 17"",""11q23"",""17q12, 16p13"",""6q22"",""12 and 13"",""18, 3, 13"",""4"",""8p, 8q, 11q, 13q, 14q, 17p, 19q"",""21 and 22""]","5312280ce3eabad02100000a",False,33.66,"Abnormalities in which chromosomes were linked to the Moyamoya disease?","[""3"",""6"",""8"",""12"",""15"",""17"",""21"",""X"",""Y""]",True,"2025-04-15T08:25:16.001649Z"
0.0,506,"","1","","2025-04-15T08:33:20.698131Z","A3_DiagnosticCriteriaDefinition","","10","","","[""11"",""16"",""7"",""5"",""7"",""18"",""10"",""5"",""54"",""57""]","593fe5c270f9fc6f0f000021",False,484.448,"How many PML isoforms exist in the human genome?","[""7, designated I to VII"",""I-VII""]",True,"2025-04-15T08:33:20.698153Z"
0.0,507,"","1","","2025-04-15T08:34:42.165479Z","","A2_InstructionMisinterpretation","Influenza vaccines","","","[""BCG, measles, mumps, rubella, diphtheria, tetanus, polio, varicella, pneumococcal, and Haemophilus influenzae B (Hib"",""Fluzone, FLUAD, Fluarix, Fluzone HD"",""Influenza A (H3N2), Influenza B"",""A(H2N2)"",""Haemophilus influenza type B, H1N1 (Swine), H5N1, H7N7, H7N9, H9N2, H3N2, H10N7"",""A\/USSR\/2134, A\/Puerto Rico\/8\/67, A\/Copenhagen\/2\/52, A\/Sweden\/15\/57, A\/Tun"",""1950s H1N1, 1976 H1N1, 1988 H1N1, 1996 H1N1, 1999 H1N1"",""Aventis Pasteur, Chiron, GlaxoSmithKline, Pasteur Merieux Connaught, Ribi, Serum Institute of India, Sanofi, Vaxis"",""Haemophilus influenza type b vaccine, Influenza vaccine, Influenza A, Influenza B, Influenza vaccine, Influenza virus subunit vaccine, Influenza virus, Pne"",""Haemophilus influenzae type b, bacterial conjugate vaccine, diphtheria toxoid, acellular pertussis vaccine, inactivated whole-cell pertussis vaccine, inactivated Ha""]","5e29f732aa19d74431000003",False,81.214,"List as many European influenza vaccines as possible.","[""Vaxigrip"",""Begrivac"",""Influsplit"",""Influvac"",""Agrippal"",""Fluvirin""]",True,"2025-04-15T08:34:42.165497Z"
0.0,508,"","1","","2025-04-15T08:35:46.658722Z","B1_StatisticalEpidemiological","","14","","","[""23"",""16"",""18"",""34"",""200"",""22"",""2236"",""482"",""15"",""282""]","57090c33cf1c325851000013",False,64.246,"How many genes are imprinted in the human genome?","["" fewer than 100""]",True,"2025-04-15T08:35:46.658753Z"
0.0,509,"","1","","2025-04-15T08:36:26.259160Z","","A2_InstructionMisinterpretation","","","","[""chills, sweating, fever, chills, sweating, fever"",""Hyponatraemia, hypocalcaemia, myoclonus"",""Chest pain"",""painless, gradual progression, associated with chronic inflammation, increased risk of developing other diseases such as asthma, osteoporosis, and kidney disease, often starts at age 50"","""","""",""Chest pain, anxiety, abdominal pain, diarrhea, nausea"",""1. erythema"",""fever, enlarged lymph nodes, skin rash, neurologic problems, anemia, and gastrointestinal bleeding"",""Abdominal pain""]","56be1723ef6e39474100000c",False,39.354,"List symptoms of Gradenigo's syndrome.","[""otitis media"",""deep facial pain"",""abducens nerve paralysis""]",True,"2025-04-15T08:36:26.259178Z"
0.0,510,"","1","","2025-04-15T08:37:11.984788Z","","","iatrogenic disease is a disease that is caused by a medical intervention.","","","[""an induced disease, which is usually due to the use of a medication"",""iatrogenic disease is disease caused by a medical procedure."",""a condition brought on by the administration of a drug or treatment"",""iatrogenic disease is a disease that is the direct result of medical treatment"",""the medical treatment of a disease through administration of medication"",""an adverse health effect that results from a medication, a medical procedure, a medical device, or a medical practice."",""iatrogenic disease is a term that refers to disease that occurs due to medical treatments"",""It is defined as disease that results from a medical procedure."",""The use of medicine or surgery to treat a disease, or a disease to treat a symptom."",""the disease caused or aggravated by a medical treatment""]","58a342e760087bc10a00001c",False,45.493,"Can you define iatrogenic disease?","[""illness caused by treatment""]",True,"2025-04-15T08:37:11.984807Z"
0.0,511,"","1","","2025-04-15T08:38:48.446135Z","A3_DiagnosticCriteriaDefinition","","epithelial cells","","","[""smooth muscle cells"",""in the nucleus"",""neurons"",""sperm cells"",""T cells"",""cardiomyocytes"",""skeletal muscle cells"",""skeletal muscle"",""squamous epithelium of the respiratory tract"",""epithelial cells""]","56ed27202ac5ed145900000c",False,96.195,"In which cells are A-type lamins expressed?","[""late differentiating primary cells""]",True,"2025-04-15T08:38:48.446153Z"
0.0,512,"","1","","2025-04-15T08:40:16.603474Z","","","K-ras is a proto-oncogene that is activated by mutations in the codon 12 and 13.","","","[""K-ras gene activation by mutation or promoter hypermethylation"",""Differential binding of Ras to the guanine nucleotide exchange factor C3G."",""K-ras mutations are associated with oncogene addiction."",""K-ras mutations lead to abnormal activation of the MEK-ERK signalling pathway"",""K-ras activation induces cell cycle arrest and apoptosis, thus avoiding tumor progression"",""The phosphorylation of Ras at serine 12"",""activation of PI3K"",""K-ras mutations lead to the overexpression of p16, p53, and NF-κB, resulting in activation of the CDK4\/CDK6 complex."",""K-ras is a transcriptional activator."",""mutation""]","5177def18ed59a060a000034",False,87.918,"Which is the molecular mechanism underlying K-ras alterations in carcinomas?","[""Point mutations""]",True,"2025-04-15T08:40:16.603492Z"
0.0,513,"","1","","2025-04-15T08:40:53.461242Z","A3_DiagnosticCriteriaDefinition","","Osteoarthritis, Hair loss, Hyperuricemia","","","[""Dysostosis multiplex, arthropathy and alkaptonuria"",""Gout, Osteoarthritis, Hair loss"",""Briefly describe the disease."",""osteoporosis, osteopenia, hyperuricosuria."",""Metalloproteinase deficiency"",""Bluish Discoloration, Rhizomelic Dysplasia and Hypertrophic Osteoarthropathy"",""Metacarpal hypoplasia, Morgagnian hypoplasia, Osteopenia"",""Gross cataract, renal disease, skeletal changes"",""1. Alkaptonuria 2. Homocystinuria 3. Oculocerebrorenal Syndrome"",""Hyperuricosuria, Hypogonadotropic hypogonadism, Osteopetrosis""]","5e2f972bfbd6abf43b000030",False,36.609,"List Alkaptonuria Triad.","[""homogentisic aciduria"",""ochronosis"",""arthritis""]",True,"2025-04-15T08:40:53.461258Z"
0.0,514,"","1","","2025-04-15T08:41:33.077113Z","Factuality_Other","","ChIPseeker","","","[""HistoneChip"",""HOMER"",""Enrichr"",""NetProphet"",""RSEM"",""Cistrome"",""Rocco"",""ChIPseeqr"",""ChIPseeQR"",""Cite2""]","587e0116ae05ffb474000002",False,39.341,"Which tool is available for predicting regulatory interactions from ChIP-seq data?","[""CisMapper""]",True,"2025-04-15T08:41:33.077132Z"
0.0,515,"","1","","2025-04-15T08:42:09.440456Z","A3_DiagnosticCriteriaDefinition","","in the nucleus","","","[""Nasopharynx"",""vascular endothelial cells"",""Nerve endings"",""on the nuclear envelope"",""in the nucleus"",""in the nucleus"",""at the tip of the mature erythrocyte"",""Liver"",""in cancer cells"",""in squamous epithelial cells""]","5ac09a7b19833b0d7b000001",False,36.103,"Where is the EpCam protein mainly located?","[""transmembrane expression""]",True,"2025-04-15T08:42:09.440473Z"
0.0,516,"","1","","2025-04-15T08:43:44.847976Z","A3_DiagnosticCriteriaDefinition","","a condition characterized by memory loss and cognitive impairment","","","[""A syndrome caused by the use of psychotropic medication for depression or anxiety."",""Memory loss"",""A term used to describe the cognitive impairment in people who suffer from dementia."",""lack of concentration"",""a state of deterioration in cognitive function associated with aging, brain injury, or degenerative disease"",""a disorder that causes people with Alzheimer's disease to forget the purpose of a task."",""a cognitive impairment related to dementia with Lewy bodies"",""is characterized by memory problems, confusion, disorientation, fatigue, impaired judgment, and inability to concentrate, including memory problems"",""chemo brain"",""a syndrome characterized by the subject's inability to retain memories""]","58efa1b870f9fc6f0f000003",False,95.165,"What is a ""chemobrain""?","[""The term \""chemobrain\"" is sometimes used to denote deficits in neuropsychological functioning that may occur as a result of cancer treatment.""]",True,"2025-04-15T08:43:44.847993Z"
0.0,517,"","1","","2025-04-15T08:44:25.962622Z","A3_DiagnosticCriteriaDefinition","","elongation","","","[""elongation"",""transcriptional elongation"",""H3K4me3 is associated with elongation of transcription."",""elongation"",""Both"",""transcriptional elongation"",""Transcriptional elongation"",""elongation"",""elongation"",""transcriptional elongation""]","512d2fff5274a5fb07000006",False,40.839,"Is the H3K4me3 histone mark related to transcriptional initiation or elongation?","[""transcriptional initiation""]",True,"2025-04-15T08:44:25.962641Z"
0.0,518,"","1","","2025-04-15T08:46:07.083116Z","B2_FabricatedEntityGuideline","","UCEB","","","[""5UTR"",""UCE1"",""19-bp UCE"",""59201"",""UCE1"",""22"",""62335"",""SINE B1042"",""FRT2A"",""5S""]","5c580aff07647bbc4b00001a",False,100.88,"Which ultraconserved element is associated with Embryonic Stem Cells (ESC) self-renewal?","[""T-UCstem1""]",True,"2025-04-15T08:46:07.083133Z"
0.0,519,"","1","","2025-04-15T08:47:31.669206Z","","A2_InstructionMisinterpretation","","","","[""v12"",""updated"","""",""add, update, remove"","""","""",""v20200620"",""1. The JASPAR 2020 dataset includes updated profiles of 535 transcription factor binding sites. These profiles contain new features, new names, new sites, new variants, and new experimental data."",""JASPAR 2020 updates"",""""]","60296ace1cb411341a000115",False,84.337,"List updates for JASPAR 2020","[""245 new PFMs (169 for vertebrates, 42 for plants, 17 for nematodes, 10 for insects, and 7 for fungi)"",""156 PFMs were updated (125 for vertebrates, 28 for plants and 3 for insects)"",""A novel collection of unvalidated TF-binding profiles for which curators did not find orthogonal supporting evidence in the literature was added"",""Dedicated web form to engage the community in the curation of unvalidated TF-binding profiles"",""A Q&A forum was created to ease the communication between the user community and JASPAR curators"",""The genomic tracks, inference tool, and TF-binding profile similarity clusters were updated""]",True,"2025-04-15T08:47:31.669223Z"
0.0,520,"","1","","2025-04-15T08:48:28.520724Z","A3_DiagnosticCriteriaDefinition","","Ligamentum flavum","","","[""Anterior superior iliac spine"",""Ligamentum flavum"",""anterior longitudinal ligament"",""anterior longitudinal ligament"",""Anterior cruciate ligament"",""Anterior longitudinal ligament"",""anterior cruciate ligament (ACL)"",""Obturator"",""lateral collateral ligament"",""Sacroiliac ligament""]","5a6f98e6b750ff445500005d",False,56.61,"Which ligament is most commonly injured in dashboard injury?","[""Posterior cruciate ligament""]",True,"2025-04-15T08:48:28.520741Z"
0.0,521,"","1","","2025-04-15T08:50:11.413718Z","A3_DiagnosticCriteriaDefinition","","Sjögren's syndrome","","","[""rheumatoid arthritis"",""lupus"",""Sweet's syndrome"",""hepatitis C"",""Sjögren's syndrome"",""T cell-mediated autoimmune diseases"",""Kawasaki disease"",""Sjögren's syndrome"",""Muckle-Wells syndrome"",""Behcet's disease""]","62190bac3a8413c653000034",False,102.643,"Which disease is associated with X-linked recessive TLR7 deficiency?","[""critical COVID-19 pneumonia""]",True,"2025-04-15T08:50:11.413735Z"
0.0,522,"","1","","2025-04-15T08:51:51.044926Z","A3_DiagnosticCriteriaDefinition","","DESeq, edgeR, limma, RSEM, and Cufflinks","","","[""DESeq, edgeR, limma, DESeq2, RUVSeq"",""DESeq, DESeq2, EdgeR, EdgeR2, EdgeR_with_per_sample_normalization, FeatureCounts, FeatureCounts2, FPKM-Affy, FPKM-Affy2, FPK"",""gene-wise, per-gene, per-sample, per-sample with controls, and per-sample with controls using DESeq2."",""1) DESeq2, 2) edgeR, 3) DESeq, 4) featureCounts, 5) RSEM"",""DESeq"",""Cufflinks, kallisto, StringTie, Salmon, tximport"",""DESeq, kallisto, rsem, tximport, featureCounts"",""DESeq2, EdgeR, Cufflinks, Kallisto, and Salmon"",""1. DESeq2 2. edgeR 3. Limma 4. t-test 5. FPKM"",""1) Kallisto, 2) StringTie, 3) Cufflinks, 4) Salmon, 5) Subread""]","5354f289288f4dae47000008",False,99.385,"Name five programs for transcript quantification from RNASeq experiments","[""Cufflinks"",""RSEM"",""Flux Capacitor"",""Mitie"",""Miso"",""Tigar"",""Montebello"",""Drut"",""Traph"",""Pome"",""IsoformEx"",""Neuma""]",True,"2025-04-15T08:51:51.044951Z"
0.0,523,"","1","","2025-04-15T08:52:35.628204Z","B2_FabricatedEntityGuideline","","Pseudomonas aeruginosa, Pseudomonas fluorescens, Pseudomonas putida, Pseudomonas stutzeri, Pseudomonas putida, Pseudomon","","","[""Aquibacterium"",""Amycolatopsis, Brevibacillus, Brevibacillus, Burkholderia, Citrobacter, Enterobacter, Erwinia, Erwinia, Fusobacterium, Gord"",""Staphylococcus aureus, Streptomyces, and Pseudomonas spp."",""Thiobacillus ferrooxidans, Thiobacillus spp., Pseudomonas spp., Saccharomyces spp."",""Corynebacterium, Propionibacterium, Lactobacillus, Bacillus, Pseudomonas, Burkholderia, Brevibacterium, Streptomyces, and"",""Micromonospora echinulata"",""Klebsiella pneumoniae"",""Pseudomonas syringae, Sphingomonas paucimobilis, Pseudomonas fluorescens, Stenotrophomonas maltophilia, Burkholderia"",""Bacillus subtilis"",""Bacillus subtilis""]","530a3e18970c65fa6b000005",False,44.349,"List bacteria that may be useful in uranium bioremediation.","[""Betaproteobacteria"",""Firmicutes"",""Geobacter"",""Shewanella oneidensis"",""Pseudomonas aeruginosa"",""Anaeromyxobacter dehalogenans"",""strain Rf4T""]",True,"2025-04-15T08:52:35.628223Z"
0.0,524,"","1","","2025-04-15T08:53:29.554348Z","A3_DiagnosticCriteriaDefinition","","Nuclear receptor corepressors","","","[""ARID1A and PRMT2"",""p300, PCAF, CBP, MCM7 and p300"",""Hsp90-related 2 (Hsp90-R2) and Hsp90-related 1 (Hsp90-R1)"",""Nuclear receptors and PAX-2"",""p300\/CBP"",""GSK3-β and the transcriptional coactivator NFATc2"",""GATA-1 and YY1"",""Hsp90, CBP and p300"",""Yap1"",""CBP\/p300""]","56d1e23c67f0cb3d66000009",False,53.679,"Which are the coactivators of the Yes-associated protein (yap)?","[""Tead (TEA domain) transcription factors.""]",True,"2025-04-15T08:53:29.554365Z"
0.0,525,"","1","","2025-04-15T08:54:55.641178Z","A3_DiagnosticCriteriaDefinition","","yes","","","[""yes"",""yes"",""no"",""yes"",""no"",""yes"",""yes"",""yes"",""no"",""yes""]","517a8a718ed59a060a00003e",False,85.828,"Does triiodothyronine stimulate red blood cell sodium potassium pump?","[""no""]",True,"2025-04-15T08:54:55.641195Z"
0.0,526,"","1","","2025-04-15T08:55:56.952774Z","A3_DiagnosticCriteriaDefinition","","nanostring","","","[""R packages for NanoString data"",""dplyr, readr, stringr, stringi, ggrepel, ggrepel, ggplot2, plyr, purrr, scales, tidyr, purrr, dplyr, rmarkdown, kableExtra, htmlwidgets"",""bioconductor\/Biobase"","""",""NanoSim"","""","""",""nbnano"",""nsobj"",""nass""]","5c6c46677c78d69471000035",False,61.058,"List available R packages for processing NanoString data","[""NanoStringNorm"",""NanoStringNormCNV""]",True,"2025-04-15T08:55:56.952792Z"
0.0,527,"","1","","2025-04-15T09:03:42.302846Z","A3_DiagnosticCriteriaDefinition","","CGRP monoclonal antibody and CGRP antibody","","","[""OPKO Health Inc"",""Anti-CGRP1"",""Anti-NGF and anti-NGF-IgG"",""Eptinezumab and Natalizumab"",""RINVOQ (Jakavi) and DUPHAT"",""Bimatoprost"",""ONO-5058 and ONO-4543"",""Gilenya and Ocrevus"",""2018-01040702, 2018-00936390"",""Vascepa and Pradaxa""]","6028fc001cb411341a000102",False,465.073,"Which two antibodies directed towards the CGRP ligand, were approved by the FDA in September 2018.","[""Fremanezumab"",""Galcanezumab""]",True,"2025-04-15T09:03:42.302864Z"
0.0,528,"","1","","2025-04-15T09:04:12.331207Z","A2_ContraindicationIndication","","yes","","","[""no"",""yes"",""no"",""yes"",""no"",""yes"",""yes"",""yes"",""yes"",""yes""]","61fa9a60c9dfcb9c09000007",False,29.788,"Should istiratumab be used for Pancreatic Cancer?","[""no""]",True,"2025-04-15T09:04:12.331225Z"
0.0,529,"","1","","2025-04-15T09:04:41.134535Z","A3_DiagnosticCriteriaDefinition","","yes","","","[""no"",""yes"",""yes"",""yes"",""yes"",""no"",""yes"",""yes"",""yes"",""yes""]","58dd054c8acda34529000024",False,28.557,"Do circRNAs remain untranslated?","[""no""]",True,"2025-04-15T09:04:41.134553Z"
0.0,530,"","1","","2025-04-15T09:05:08.846803Z","A3_DiagnosticCriteriaDefinition","","yes","","","[""yes"",""yes"",""yes"",""yes"",""yes"",""yes"",""yes"",""no"",""yes"",""yes""]","5cb38a56ecadf2e73f00005e",False,27.453,"Is myc a tumour suppressor gene?","[""no""]",True,"2025-04-15T09:05:08.846821Z"
0.0,531,"","1","","2025-04-15T09:05:39.366457Z","","","α-synuclein","","","[""α-synuclein"",""Huntingtin"",""alpha-synuclein"",""alpha-synuclein"",""α-Synuclein"",""alpha-synuclein"",""alpha-synuclein"",""tau protein"",""Amyloid precursor protein"",""alpha-synuclein""]","53189656b166e2b80600001c",False,30.266,"Against which protein is the antibody used for immonostaining of Lewy bodies raised?","[""alpha-Synuclein""]",True,"2025-04-15T09:05:39.366474Z"
0.0,532,"","1","","2025-04-15T09:08:32.156377Z","B2_FabricatedEntityGuideline","","Alzheimer's disease, Parkinson's disease, schizophrenia, and bipolar disorder","","","[""Tourette syndrome, epilepsy and autism"",""Type 2 diabetes, atherosclerosis, and hypertension"",""Susceptibility to cancer and coronary heart disease (CHD)"",""depression, attention deficit hyperactivity disorder, autism, attention deficit disorder, ADHD"",""depression, schizophrenia, bipolar disorder, epilepsy, attention deficit hyperactivity disorder, asthma, Parkinson’s disease, autism spectrum disorder, schizophrenia"",""Mood disorders, schizophrenia, attention deficit hyperactivity disorder"",""Sjögren's syndrome, lupus erythematosus, scleroderma, ankylosing spondylitis"","""",""Parkinson's disease, Alzheimer's disease, schizophrenia, epilepsy and tardive dyskinesia."",""""]","54d646403706e89528000008",False,172.555,"List disorders that have been associated to the polymorphism rs2535629.","[""schizophrenia"",""major depressive disorder""]",True,"2025-04-15T09:08:32.156396Z"
0.0,533,"","1","","2025-04-15T09:25:59.082093Z","A3_DiagnosticCriteriaDefinition","","Tandem Repeats Finder","","","[""Recurrent neutral model (RNM)"",""Tandem Repeats Finder"",""CADD"",""MASSIVE"",""Restriction site association analysis (RSAA)"",""Rapid Repeat-Length Estimation (RRE)"",""HMM-based"",""BAMSE"",""Tandem Repeats Finder"",""LDA""]","5a804f71faa1ab7d2e00001d",False,1046.662,"Which algorithm is used for detection of long repeat expansions?","[""ExpansionHunter""]",True,"2025-04-15T09:25:59.082122Z"
0.0,534,"","1","","2025-04-15T09:34:01.732924Z","A3_DiagnosticCriteriaDefinition","","corticosteroids","","","[""Esomeprazole and ranitidine"",""Aloe vera and bromelain"",""Peppermint oil, N-acetyl-L-cysteine"",""Ibuprofen and paracetamol"",""Pseudoephedrine"",""Esomeprazole"",""levocetrizine"",""Eosinophilic esophagitis is a rare disease, also known as eosinophilic gastrointestinal disease or eosinophilic esophagitis."",""antihistamines"",""mesalamine""]","518ba4b5310faafe08000005",False,482.402,"Which drugs are utilized to treat eosinophilic esophagitis?","[""proton pump inhibitors"",""immunosoppressive drugs"",""budesonide""]",True,"2025-04-15T09:34:01.732950Z"
0.0,535,"","1","","2025-04-15T09:35:00.169600Z","A3_DiagnosticCriteriaDefinition","","N-acetylcysteine","","","[""Saccharine"",""Nox4"",""N-hydroxymethyl-1,4-naphthoquinone (HMNP)"",""Ethacridine"",""OX4"",""N-Acetyl-L-cysteine"",""N-[(1S,5R)-5-amino-2-(2,6-difluorophenyl)-1,3-dioxolan-4-yl]propanamide"",""4-hydroxy-2,3,5,6-tetrahydroxybenzophenone"",""N-acetylcysteine"",""N-benzyl-5-(2-pyridyl)-2-pyridinone (NBP2)""]","56c865d25795f9a73e000016",False,58.192,"Which compound is a specific inhibitor for Nox1 and Nox4?","[""GKT136901""]",True,"2025-04-15T09:35:00.169619Z"
