id,question,context,reference_answers,generated_answer,accuracy_metric_score,automated_is_correct,is_correct_auto_from_gen,hallucination_type,hallucination_subtype,annotation_rationale,semantic_entropy,normalized_semantic_entropy,naive_entropy,internal_signal_score,hybrid_simple_score,hybrid_meta_score,response_length
medquad_3313,What is (are) Heart Attack ?,,"['A heart attack is when the supply of blood and oxygen to an area of the heart muscle is blocked, usually by a blood clot in a coronary artery.']","A sudden, severe, and often fatal disorder of the heart muscle.",0.0,False,False,Factuality,A3_DiagnosticCriteriaDefinition,"The generated answer provides a definition of a heart attack that is not entirely accurate. While sudden and severe are often characteristics, stating it is ""often fatal"" is a misrepresentation of the established medical definition and typical outcome, and the definition lacks the key element of blood supply blockage.",2.1668789794462864,0.6835742102606084,3.540485568757619,0.94,0.9117992187380475,1.0,63
medquad_373,What is the outlook for Craniosynostosis ?,,['Varies depending on suture involvement and presence of other abnormalities.'],"The prognosis is good, with most patients living into adulthood.",0.0,False,False,Faithfulness,B1_ExtrapolationAddition,"The question asks about the outlook for Craniosynostosis. The answer provides a general prognosis (""good, with most patients living into adulthood"") without acknowledging the variability in prognosis depending on the specific type and severity of craniosynostosis, which is a crucial detail not addressed in the answer but is essential for a complete and accurate response. The answer adds a general statement that is not directly inferable from the question's scope.",2.202168702719469,0.6629188350309969,3.326665518777234,0.99,0.9527667464423782,1.0,64
medquad_6096,"What is (are) TK2-related mitochondrial DNA depletion syndrome, myopathic form ?",,"['An inherited condition causing progressive muscle weakness (myopathy), typically beginning in early childhood, often leading to respiratory failure.']","A rare genetic disorder characterized by muscle weakness, muscle atrophy, and progressive muscle degeneration.",0.0,False,False,Factuality,A3_DiagnosticCriteriaDefinition,"The generated answer describes general symptoms of muscle disorders but fails to mention the key feature of TK2-related mitochondrial DNA depletion syndrome, which is its association with mitochondrial DNA depletion. This is a misrepresentation of the established definition/criteria for this specific syndrome.",2.2894519085174947,0.689193698093915,3.5176028023558916,0.93,0.960385596427271,0.93,110
medquad_8139,What are the genetic changes related to pulmonary veno-occlusive disease ?,,"['Mutations in the EIF2AK4 gene, and possibly mutations in other genes.']",Mutations in the CYP11A1 gene that reduce or eliminate CYP11A1 function.,0.0,False,False,Factuality,A3_DiagnosticCriteriaDefinition,The generated answer incorrectly states that mutations in the CYP11A1 gene are related to pulmonary veno-occlusive disease. The correct answer is mutations in the EIF2AK4 gene. This is a misrepresentation of the established genetic causes of the disease.,2.2851707197084905,0.6879049318453038,3.428316688635707,0.98,0.9840205882722313,1.0,72
medquad_6924,What are the treatments for adenosine deaminase deficiency ?,,"['Gene therapy, bone marrow transplant']","Behavioral treatment, shaving or clipping hair, cognitive behavior therapy (CBT), and medication (though not consistently effective).",0.0,False,False,Factuality,A3_DiagnosticCriteriaDefinition,"The generated answer lists ""Behavioral treatment, shaving or clipping hair, cognitive behavior therapy (CBT), and medication"" as treatments for adenosine deaminase deficiency. These are not established or recognized medical treatments for this specific genetic disorder. This misrepresents the established medical treatments for the condition.",1.1568349054726774,0.4982216753481318,1.5127571818292402,1.0,0.5,0.83,133
medquad_11342,What are the treatments for Binswanger's disease ?,,"['Medications for symptoms, management of hypertension and diabetes.']","Behavioral treatment, shaving or clipping hair, cognitive behavior therapy (CBT), and medication (though not consistently effective).",0.0,False,False,Factuality,A3_DiagnosticCriteriaDefinition,"The generated answer lists ""Behavioral treatment, shaving or clipping hair, cognitive behavior therapy (CBT)"" as treatments for Binswanger's disease. Shaving or clipping hair is not a treatment for Binswanger's disease. This misrepresents established medical knowledge related to the treatment of the disease.",2.245934959537209,0.6760937911310698,3.411213634969427,1.0,0.9770389346171571,0.98,133
medquad_10005,"What causes 47, XYY syndrome ?",,"[""An extra copy of the Y chromosome in each of a male's cells.""]","A rare genetic disorder characterized by short stature, small hands and feet, and a small penis.",0.0,False,False,Factuality,A3_DiagnosticCriteriaDefinition,"The generated answer describes symptoms of a different genetic disorder (likely Turner syndrome or a similar condition affecting sexual development) rather than explaining the cause of 47, XYY syndrome. This is a misrepresentation of the diagnostic criteria/definition of the syndrome.",2.11587130904763,0.6674830818031692,3.5946656250434157,0.98,0.909865408321993,1.0,96
medquad_2048,What are the complications of Gastritis ?,,"['Peptic ulcers, atrophic gastritis, anemia, vitamin B12 deficiency and pernicious anemia, growths in the stomach lining.']","Gastritis can lead to ulcers, bleeding, and perforation of the stomach.",0.0,False,False,Factuality,A3_DiagnosticCriteriaDefinition,"The generated answer lists ""bleeding, and perforation of the stomach"" as complications of gastritis. While these can occur in severe cases, they are more directly associated with peptic ulcers, which *themselves* are a complication of gastritis. The answer misrepresents the direct complications of gastritis, which are more chronic and related to changes in the stomach lining and nutrient absorption, as listed in the correct answer.",2.2983560424618186,0.6918741094965662,3.4181968352529597,0.98,0.9897959183673468,0.94,71
medquad_2950,How to diagnose Prostate Cancer ?,,"['Physical exam and history, digital rectal exam (DRE), prostate-specific antigen (PSA) test, biopsy.']","Genetic testing for mutations in the PTEN, PIK3CA, PIK3R1, and PIK3R2 genes.",0.0,False,False,Faithfulness,B1_ExtrapolationAddition,"The answer provides genetic testing as a method to diagnose prostate cancer. While genetic testing can be used in prostate cancer, it is not a standard diagnostic method. The question asks about general diagnosis, and the answer adds a detail beyond the scope of a typical diagnostic workup.",2.2810589310089915,0.6866671601109223,3.495990796681609,0.99,0.9873216161391418,1.0,76
medquad_2220,What is (are) Cushing's Syndrome ?,,['A hormonal disorder caused by prolonged exposure to high levels of cortisol.'],"A syndrome characterized by excessive adrenocorticotropic hormone (ACTH) secretion, which results in a variety of symptoms, including obesity, hypertension, and diabetes.",0.0,False,False,Factuality,A3_DiagnosticCriteriaDefinition,"This constitutes a misrepresentation of the established medical definition of the term 'Cushing's Syndrome,' conflating it with one of its causes (ACTH-dependent forms). It also potentially misleads readers into thinking ACTH excess is necessary for the diagnosis, which is factually incorrect.

Thus, this is a clear case of A3_DiagnosticCriteriaDefinition, as the error lies in the faulty definition and misunderstanding of the medical concept being asked about.",1.6692612076222333,0.645758384176382,3.3626199868083075,0.93,0.6887346033799293,0.94,170
medquad_7840,What are the genetic changes related to juvenile hyaline fibromatosis ?,,['Mutations in the ANTXR2 gene (also known as the CMG2 gene).'],"Mutations in the FGFR1, FGFR2, FGFR3, and FGFR4 genes.",0.0,False,False,Factuality,A3_DiagnosticCriteriaDefinition,"The incorrect answer lists genes (FGFR1, FGFR2, FGFR3, and FGFR4) that are not associated with Juvenile Hyaline Fibromatosis. The correct answer is mutations in the ANTXR2 gene. This is a misrepresentation of the established genetic cause of the disease.",2.2918683798871036,0.6899211284598304,3.583356556922147,0.96,0.9767501624263991,0.92,54
medquad_7012,What are the genetic changes related to medullary cystic kidney disease type 1 ?,,['Insertion of a single cytosine nucleotide into the MUC1 gene.'],Mutations in the KCNJ11 gene that cause the disease.,0.0,False,False,Factuality,A3_DiagnosticCriteriaDefinition,"The incorrect answer identifies the KCNJ11 gene as being related to medullary cystic kidney disease type 1, which is factually incorrect. The correct gene is MUC1. This is a misrepresentation of the established genetic cause of the disease.",2.2796409654537455,0.686240309945975,2.9953147863116074,0.9,0.9407821628090796,0.96,52
medquad_9378,What causes Achondrogenesis ?,,"['Mutations in the SLC26A2 and COL2A1 genes, and an unknown cause for type 1A.']",A genetic disorder that causes the bones to grow abnormally.,0.0,False,False,Factuality,A3_DiagnosticCriteriaDefinition,"The generated answer provides a general description of a genetic disorder affecting bone growth, but it fails to mention the specific genetic mutations (SLC26A2 and COL2A1) that are known to cause Achondrogenesis, which is a key diagnostic criterion/definition.",2.2852847049689617,0.6879392448277691,3.6141766111824567,0.98,0.984070515188509,1.0,60
medquad_9242,What are the symptoms of Duodenal ulcer due to antral G-cell hyperfunction ?,,"['Duodenal ulcer, hyperpepsinogenemia I.']","Abdominal pain, nausea, vomiting, and weight loss.",0.0,False,False,Factuality,A3_DiagnosticCriteriaDefinition,"The generated answer lists common symptoms (abdominal pain, nausea, vomiting, and weight loss) that are not specific to duodenal ulcers caused by antral G-cell hyperfunction. The correct answer should include more specific indicators like hyperpepsinogenemia I. The generated answer provides general symptoms, misrepresenting the specific diagnostic criteria/symptoms related to the condition mentioned in the question.",2.1089224479179984,0.6652909601831088,3.5305559571612863,0.99,0.9119237643109148,1.0,50
medquad_4616,What is (are) Colonic Polyps ?,,['Extra pieces of tissue that grow in the large intestine (colon).'],"Polyps of the colon, rectum, and anus.",0.0,False,False,Faithfulness,B1_ExtrapolationAddition,"The question asks about ""Colonic Polyps,"" and the answer expands this to include polyps of the rectum and anus. While related, this is additional information not directly requested or implied by the question, thus an extrapolation.",2.270149586996049,0.6833831203300094,3.5087156354428126,0.93,0.9519309472333203,0.98,38
medquad_10257,"What are the symptoms of Prekallikrein deficiency, congenital ?",,"['Prolonged partial thromboplastin time, autosomal recessive inheritance']","Congenital blindness, cataracts, and retinal detachment.",0.0,False,False,Factuality,A3_DiagnosticCriteriaDefinition,"The generated answer lists symptoms (blindness, cataracts, retinal detachment) that are not associated with Prekallikrein deficiency, congenital. This misrepresents the established symptoms/diagnostic criteria for the condition.",2.260710392028233,0.6805416395097762,3.525108611030535,0.96,0.9631025886543301,1.0,56
medquad_9771,What are the symptoms of Craniofacial dyssynostosis ?,,"['Craniosynostosis, dolichocephaly, frontal bossing, hypertelorism.']","Craniofacial dysostosis, craniofacial dysmorphism, and craniofacial dysmorphism.",0.0,False,False,Factuality,A3_DiagnosticCriteriaDefinition,"The generated answer lists ""craniofacial dysostosis, craniofacial dysmorphism, and craniofacial dysmorphism"" as symptoms of Craniofacial dyssynostosis. While related, these are descriptive terms or broader categories, not specific symptoms like those listed in the correct answer (e.g., dolichocephaly, hypertelorism). The generated answer misrepresents the established medical criteria/definition of symptoms for this condition.",1.3584871095228723,0.5850685525163832,3.383438049848318,0.94,0.5577138480301445,0.82,80
medquad_1270,what research (or clinical trials) is being done for Porencephaly ?,,['Research exploring the complex mechanisms of normal brain development.'],There is no research being done for porencephaly.,0.0,False,False,Factuality,A3_DiagnosticCriteriaDefinition,"The generated answer states that there is no research being done for porencephaly, which contradicts the correct answer and general medical knowledge. This misrepresents the current state of research and understanding of the condition. Porencephaly is a condition with ongoing research to understand its causes, mechanisms, and potential treatments.",1.9561167751194168,0.6170861374415438,3.1344891315566916,0.99,0.8449930401012784,1.0,49
medquad_1331,What is the outlook for Creutzfeldt-Jakob Disease ?,,['Poor; about 70% mortality within one year.'],The prognosis is poor.,0.0,False,False,Faithfulness,B1_ExtrapolationAddition,"The question asks for the outlook of Creutzfeldt-Jakob Disease. The generated answer states ""The prognosis is poor."" while this is true, the reference answer provides more specific information about the prognosis, including mortality rate and timeline. The generated answer is not wrong, but it is incomplete and adds less information than the reference answer.",2.1652357051767406,0.6830558149456409,3.4347814065398947,0.99,0.9365896489073547,0.99,22
medquad_7719,What are the genetic changes related to acatalasemia ?,,['Mutations in the CAT gene.'],Mutations in the ACTA1 gene that reduce or eliminate ACTA1 function.,0.0,False,False,Factuality,A3_DiagnosticCriteriaDefinition,"The answer incorrectly states that mutations in the ACTA1 gene are related to acatalasemia. Acatalasemia is caused by mutations in the CAT gene, not the ACTA1 gene. This is a misrepresentation of the established genetic cause of acatalasemia.",2.278678711884065,0.6859506427580663,3.443699555904869,1.0,0.9913810923249067,1.0,68
medquad_5122,What are the genetic changes related to steatocystoma multiplex ?,,"['Mutations in the KRT17 gene that alter keratin 17 structure, preventing the formation of strong, stable networks within cells; in some cases, no identified KRT17 mutation.']",Mutations in the SLC22A10 gene that reduce or eliminate GLUT10 function.,0.0,False,False,Factuality,A3_DiagnosticCriteriaDefinition,"The incorrect answer states that mutations in the SLC22A10 gene are related to steatocystoma multiplex. However, the correct answer indicates that mutations in the KRT17 gene are related to steatocystoma multiplex. Therefore, the incorrect answer misrepresents the established genetic cause of steatocystoma multiplex.",2.255725398397,0.6790410068985812,3.318172574129503,0.99,0.9762252238818723,1.0,72
medquad_1573,What are the treatments for What I need to know about Cirrhosis ?,,"['Stopping alcohol consumption, treating hepatitis C with medicine, and liver transplant.']","Liver transplantation, liver resection, and liver chemotherapy.",0.0,False,False,Factuality,A3_DiagnosticCriteriaDefinition,"The incorrect answer lists ""liver resection"" and ""liver chemotherapy"" as treatments for cirrhosis. While liver transplantation is a valid treatment, resection and chemotherapy are not standard treatments for cirrhosis itself. They might be used for complications like liver cancer that can arise from cirrhosis, but not for the cirrhosis itself. This misrepresents the established treatments for cirrhosis.",2.152441248326232,0.6479493796506199,3.0441507813763744,0.83,0.849352869721819,1.0,63
medquad_8571,What is (are) leptin receptor deficiency ?,,"['A condition causing severe obesity, hyperphagia, abnormal eating behaviors, and hypogonadotropic hypogonadism.']","A rare genetic disorder characterized by obesity, growth retardation, and a reduced ability to respond to leptin.",0.0,False,False,Factuality,A3_DiagnosticCriteriaDefinition,"The generated answer mentions ""growth retardation"" which is not a typical characteristic of leptin receptor deficiency. The correct answer mentions ""hyperphagia, abnormal eating behaviors, and hypogonadotropic hypogonadism"" which are more specific and accurate diagnostic criteria.",2.1272757808792733,0.6710807921043448,3.497746100866938,0.9,0.8740443777443421,1.0,113
medquad_2407,What are the symptoms of Breast Cancer ?,,"[""A lump or thickening in or near the breast or underarm, change in breast size or shape, dimple or puckering in breast skin, nipple turning inward, nipple fluid (other than milk), scaly/red/swollen breast skin, peau d'orange.""]",Breast cancer is the most common cancer in women.,0.0,False,False,Faithfulness,B1_ExtrapolationAddition,"The answer provides a statistical fact about breast cancer's prevalence, which is not a symptom as requested by the question. It adds information beyond the scope of the question.",1.7906710593318218,0.6378499010803305,3.5093455625658305,0.97,0.7623217432648963,0.94,49
medquad_3472,Who is at risk for Restless Legs Syndrome? ?,,"['People of Northern European descent, women, older adults, and those with certain diseases, conditions, or medications.']","People with a family history of Restless Legs Syndrome, or those who have a history of restless legs syndrome in a first-degree relative.",0.0,False,False,Faithfulness,B1_ExtrapolationAddition,"The generated answer provides a risk factor (family history) not explicitly mentioned or reasonably inferable from the question's scope, even though it is a plausible risk factor. The question asks for risk factors in general, and the answer adds a specific one not directly addressed.",2.2588933575635783,0.6799946576327599,3.492975313355079,0.97,0.9674087465010923,1.0,137
medquad_4990,What are the genetic changes related to spondylocostal dysostosis ?,,"['Mutations in DLL3, MESP2, LFNG, and HES7 genes.']","Mutations in the COL11A1, COL11A2, COL11A3, COL11A4, COL11A5, COL11A6, COL11A7, COL11A",0.0,False,False,Factuality,A3_DiagnosticCriteriaDefinition,"The answer lists genes associated with a different condition (likely a collagen disorder, given the COL genes) rather than the genes known to be associated with spondylocostal dysostosis. This constitutes a misrepresentation of the established genetic causes (a key diagnostic/definitional aspect) of the disease.",2.2610338627423343,0.6806390138974396,3.441361348370862,0.87,0.9173259053742122,1.0,86
medquad_5384,How many people are affected by juvenile myoclonic epilepsy ?,,"['1 in 1,000']",At least 100,0.0,False,False,Factuality,B1_StatisticalEpidemiological,"The answer provides an incorrect statistic about the prevalence of juvenile myoclonic epilepsy, which is a factuality error related to statistical/epidemiological data.",2.145418558579586,0.6768042012361248,3.412815741857728,0.99,0.9279095001326136,0.99,12
medquad_7218,What are the treatments for Senior-Lken syndrome ?,,"['Genetic counseling, drug therapy, surgery and rehabilitation, palliative care']","Behavioral treatment, shaving or clipping hair, cognitive behavior therapy (CBT), and medication (though not consistently effective).",0.0,False,False,Factuality,A3_DiagnosticCriteriaDefinition,The generated answer lists treatments that are not standard treatments for Senior-Loken syndrome. This indicates a misunderstanding or misrepresentation of the established medical treatments for the syndrome.,2.0830072498716925,0.6571156254245532,3.0653276334841055,1.0,0.9056746364074664,1.0,133
medquad_1934,What causes Alagille Syndrome ?,,"['A mutation in the JAGGED1 (JAG1) gene, or less frequently, the NOTCH2 gene.']",A genetic disorder that causes a buildup of bile acids in the liver.,0.0,False,False,Factuality,A3_DiagnosticCriteriaDefinition,"The generated answer describes a consequence of Alagille Syndrome (bile acid buildup) rather than its cause (genetic mutation), thus misrepresenting the established definition/etiology of the syndrome.",2.278683698873397,0.6859521439914433,3.4524978662129273,0.9,0.9403628685230039,1.0,68
medquad_11088,What causes 17q23.1q23.2 microdeletion syndrome ?,,['An interstitial deletion encompassing bands 23.1 to 23.2 on the long (q) arm of chromosome 17.'],"A microdeletion of 17q23.1q23.2, which is associated with a variety of clinical features, including mental retardation, microcephaly, and micrognathia.",0.0,False,False,Factuality,A3_DiagnosticCriteriaDefinition,"The generated answer states that a microdeletion of 17q23.1q23.2 is associated with clinical features like mental retardation, microcephaly, and micrognathia. While these features *can* be associated, the question asks for the *cause* of the syndrome, which is the specific chromosomal deletion itself, not the associated symptoms. The answer misrepresents the definition/cause of the syndrome by focusing on its symptoms.",1.8840766348959006,0.6280255449653002,3.1431864494804236,0.97,0.8032345098083367,0.94,151
medquad_8590,What is (are) glutaric acidemia type I ?,,['An inherited disorder in which the body cannot properly process certain proteins.'],A rare metabolic disorder that causes a buildup of glutaric acid in the body.,0.0,False,False,Factuality,A3_DiagnosticCriteriaDefinition,"The generated answer provides a definition of glutaric acidemia type I, which is a rare metabolic disorder that causes a buildup of glutaric acid in the body. While this is related to the correct answer, it is not the same. The correct answer states that it is an inherited disorder in which the body cannot properly process certain proteins. The generated answer is a misrepresentation of the established medical definition.",2.284948654786047,0.6878380836426635,3.4861612573920007,0.97,0.9788212803465857,1.0,77
medquad_13370,What is (are) Schindler disease type 1 ?,,"['The most severe form of Schindler disease, an inherited condition causing neurological problems, characterized by developmental regression, blindness, seizures, and early death.']","A rare genetic disorder characterized by progressive blindness, deafness, and intellectual disability.",0.0,False,False,Factuality,A3_DiagnosticCriteriaDefinition,"The generated answer describes symptoms of a rare genetic disorder, but it doesn't accurately reflect the specific characteristics of Schindler disease type 1 as described in the correct answer (developmental regression, seizures, early death). It misrepresents the established medical definition/criteria for this specific condition.",2.261330267576554,0.6807282406433994,3.442857017800748,0.98,0.973578183239409,1.0,102
medquad_8225,What are the treatments for granulomatosis with polyangiitis ?,,['Drug therapy'],"Behavioral treatment, corticosteroid therapy, and immunosuppressive therapy.",0.0,False,False,Faithfulness,B1_ExtrapolationAddition,"The question asks for treatments for granulomatosis with polyangiitis. While corticosteroid and immunosuppressive therapies are valid treatments, behavioral treatment is not a standard or typical treatment for this condition. The answer adds an element beyond the scope of common treatments for the disease as defined by the question.",2.1362177867457226,0.6739016808832216,3.3101964180627945,0.95,0.9034712880422235,1.0,76
medquad_10544,What causes Alport syndrome ?,,"['Mutations in the COL4A3, COL4A4, or COL4A5 genes.']",A mutation in the COL4A1 gene.,0.0,False,False,Factuality,A3_DiagnosticCriteriaDefinition,"The incorrect answer states that a mutation in the COL4A1 gene causes Alport syndrome. However, Alport syndrome is caused by mutations in the COL4A3, COL4A4, or COL4A5 genes. This is a misrepresentation of the established genetic cause of Alport syndrome.",2.26650470787459,0.6822859023838808,3.528236783138223,0.85,0.9095181197692812,0.93,30
medquad_4529,What is (are) Myelodysplastic Syndromes ?,,"['Myelodysplastic syndromes are conditions where stem cells in the bone marrow do not mature into healthy blood cells, leading to a deficiency of healthy blood cells.']",A group of disorders characterized by abnormalities in the development of blood cells.,0.0,False,False,Unknown,Other_Unclear,The generated answer provides a basic definition of Myelodysplastic Syndromes but lacks the specific details about stem cell maturation and blood cell deficiency found,2.2740723716864513,0.6845639961883518,3.4640943092753766,0.96,0.9689552966004403,1.0,86
medquad_621,What is the outlook for Paroxysmal Hemicrania ?,,"['Complete or near-complete symptom relief is common with treatment, but the condition may last indefinitely, remit, or stop spontaneously.']","The prognosis is good, but the condition is often difficult to treat.",0.0,False,False,Factuality,A3_DiagnosticCriteriaDefinition,Because the error centers on a misrepresentation of a diagnostic hallmark and established understanding of treatment response—core to the definition and criteria of PH—it is most accurately classified as A3_DiagnosticCriteriaDefinition.,2.2613678299011695,0.6807395480298156,3.52862345771027,0.94,0.9531864727244719,1.0,69
medquad_1250,what research (or clinical trials) is being done for Neurosarcoidosis ?,,"['Research into disease mechanisms, predisposing factors, genetic underpinnings, and potential therapies.']",There is no research being done for Neurosarcoidosis.,0.0,False,False,Factuality,A2_ContraindicationIndication,"The generated answer states that ""There is no research being done for Neurosarcoidosis,"" which is incorrect. Research is being done, so the answer wrongly indicates that research is absent when it is actually present. This is analogous to stating something is unsafe when it is safe, or vice versa, thus falling under A2_ContraindicationIndication.",2.055830963614055,0.6188667860626172,2.874327848890043,0.98,0.8835670142370896,1.0,53
medquad_2260,What are the symptoms of Cirrhosis ?,,"['Fatigue, weakness, itching, loss of appetite, weight loss, nausea, abdominal bloating, edema, spider angiomas, jaundice.']","Liver cirrhosis, ascites, and hepatic encephalopathy.",0.0,False,False,Factuality,A3_DiagnosticCriteriaDefinition,"The generated answer lists ""Liver cirrhosis, ascites, and hepatic encephalopathy"" which are complications or conditions *resulting from* cirrhosis, not the symptoms *of* cirrhosis itself. This misrepresents the definition/manifestation of the disease.",1.98042675784782,0.6601422526159401,3.3516419427139224,0.98,0.8505390643713867,1.0,53
medquad_13973,How to diagnose Amelogenesis imperfecta ?,,"['Family history, clinical examination, intraoral and extraoral X-rays, and genetic testing (AMELX, ENAM, MMP20 genes).']","Genetic testing for mutations in the AGL, ALDH1A1, and ALDH1A2 genes.",0.0,False,False,Factuality,A3_DiagnosticCriteriaDefinition,"The generated answer lists incorrect genes (AGL, ALDH1A1, and ALDH1A2) for diagnosing Amelogenesis imperfecta. The correct genes are AMELX, ENAM, and MMP20. This constitutes a misrepresentation of established diagnostic criteria.",2.265951784475583,0.6821194558554753,3.3956965322003576,0.97,0.9705004224601648,1.0,69
medquad_8066,How many people are affected by Tangier disease ?,,"['Approximately 100, but more are likely undiagnosed.']",At least 100,0.0,False,False,Factuality,B1_StatisticalEpidemiological,"The answer provides a statistic (""At least 100"") about the prevalence of Tangier disease. While the reference answer also provides a similar statistic (""Approximately 100""), the generated answer's phrasing is vague and potentially misleading, as it doesn't acknowledge the possibility of undiagnosed cases, which is a crucial aspect of the disease's epidemiology. This constitutes a misstatement of epidemiological data.",2.084860703359344,0.6577003249006632,3.3520913348268206,0.95,0.8809762672658945,0.92,12
medquad_3163,What are the symptoms of Urinary Tract Infections ?,,"['Cloudy, bloody, or foul-smelling urine; pain or burning during urination; strong and frequent need to urinate; fever (possibly). If the infection spreads to the kidneys, additional symptoms include chills, sweats, fatigue, and pain. Symptoms vary by age and gender.']",Urinary tract infections (UTIs) are infections of the urinary tract.,0.0,False,False,Faithfulness,B1_ExtrapolationAddition,"The answer provides a definition of UTIs, which is not a symptom. The question asks specifically for symptoms, and the answer adds information beyond the scope of the question.",2.1757360989986374,0.6863683203888673,3.6083402234248,0.96,0.9258828253594854,1.0,68
medquad_13825,What are the symptoms of Congenital anosmia ?,,['Anosmia'],"Congenital anosmia, or total absence of the sense of smell, is a rare condition that affects the olfactory system.",0.0,False,False,Other/Unclear,Other/Unclear,"The generated answer accurately defines congenital anosmia. While it doesn't list symptoms as requested, it doesn't provide incorrect information, making it difficult to classify as a factuality error. It also doesn't directly contradict the question, making it difficult to classify as a faithfulness error.",2.146588803447969,0.6771733723893384,3.5770180661891584,1.0,0.9335241222890762,1.0,114
medquad_9430,What are the symptoms of Hemangioma thrombocytopenia syndrome ?,,"['Hemangioma, thrombocytopenia, microangiopathic hemolytic anemia, ventricular arrhythmia.']","Hemangioma, thrombocytopenia, and other abnormalities of the fingernails, teeth, kidneys, and urinary tract.",0.0,False,False,Factuality,A3_DiagnosticCriteriaDefinition,"The generated answer lists symptoms (fingernail, teeth, kidney, urinary tract abnormalities) that are not part of the established diagnostic criteria or symptoms of Hemangioma thrombocytopenia syndrome. This misrepresents the established medical understanding of the syndrome's symptoms.",2.272054073325272,0.6839564278414374,3.1857694945465957,0.96,0.9680712576213186,0.99,108
medquad_650,what research (or clinical trials) is being done for Hydranencephaly ?,,"['The provided text states that research on normal brain development informs understanding of disorders like hydranencephaly, offering hope for new treatments and prevention, but it does not specify current research or clinical trials for hydranencephaly itself. UNANSWERABLE']",There is no research being done for Hydranencephaly.,0.0,False,False,Faithfulness,B1_ExtrapolationAddition,"The question asks ""what research (or clinical trials) is being done for Hydranencephaly?"". The generated answer states ""There is no research being done for Hydranencephaly."" This is an extrapolation beyond the information provided in the question. The question does not state that there is research being done, nor does it state that there is no research being done. The generated answer makes a claim that is not directly addressed or reasonably inferable from the scope defined by the question.",2.0705701234860907,0.6531921488817507,3.096576874019363,0.95,0.8747168212468108,0.96,52
medquad_12712,What are the symptoms of Mesomelia-synostoses syndrome ?,,"['Abnormality of the humerus, abnormality of the metacarpal bones, abnormality of the tibia, brachydactyly syndrome']","Short stature, microcephaly, and mental retardation.",0.0,False,False,Factuality,A3_DiagnosticCriteriaDefinition,"The generated answer lists symptoms (short stature, microcephaly, and mental retardation) that are not established diagnostic criteria or symptoms specifically associated with Mesomelia-synostoses syndrome. This misrepresents the established medical understanding of the syndrome's symptoms.",2.0117900070079515,0.6705966690026505,3.582861402733405,0.98,0.8642765450644095,1.0,52
medquad_1425,What is (are) What I need to know about Interstitial Cystitis/Painful Bladder Syndrome ?,,"['It causes bladder pain, frequent urination, and urgent urination.']",Interstitial cystitis/painful bladder syndrome (IC/PBS) is a chronic bladder disorder that causes painful urination.,0.0,False,False,Factuality,A3_DiagnosticCriteriaDefinition,"Therefore, the error fits A3_DiagnosticCriteriaDefinition, as it misrepresents the accepted definition and clinical profile of the condition.",2.2824302389292437,0.6870799649282098,3.3925133095303366,0.9,0.9420038981695196,1.0,116
medquad_10851,What are the symptoms of Spinocerebellar ataxia 31 ?,,"['Late onset, gaze-evoked horizontal nystagmus, sensorineural hearing impairment, ataxia']","Cerebellar ataxia, progressive weakness of the muscles of the arms and legs, and ataxia of gait.",0.0,False,False,Factuality,A3_DiagnosticCriteriaDefinition,"The generated answer lists ""progressive weakness of the muscles of the arms and legs"" as a symptom of Spinocerebellar ataxia 31. While weakness can occur in some ataxias, it's not a defining or primary symptom of SCA31 specifically, and the reference answer doesn't include it. This misrepresents the established symptoms relevant to the question.",1.8565315693393705,0.6613098880916192,3.621255554798113,0.94,0.7758633170492345,0.99,96
medquad_9644,What causes Benign schwannoma ?,,"['The cause is unknown, but mutations in the NF2, SMARCB1, or LZTR1 genes are associated with some cases.']",Benign schwannoma is a benign tumor of Schwann cells.,0.0,False,False,Factuality,A3_DiagnosticCriteriaDefinition,"The answer provides a definition of benign schwannoma, but the question asks about the cause. This is a misrepresentation of the established purpose of a medical concept/method relevant to the question.",1.9872272814564733,0.626900409489905,3.315633579445821,0.9,0.812701449048256,0.94,53
medquad_13681,What are the symptoms of Silicosis ?,,"['Chronic cough, shortness of breath, weakness, fever, severe breathing difficulty, weight loss, night sweats, chest pains.']",Silicosis is a lung disease caused by inhaling dust containing silica.,0.0,False,False,Factuality,A3_DiagnosticCriteriaDefinition,"The answer provides a definition/cause of silicosis, but the question asked for the symptoms. This is a misrepresentation of the established purpose of a medical concept (symptoms vs. cause/definition).",2.2783322855109223,0.6858463580284613,3.5320056657904986,0.83,0.9044946595255271,0.94,70
medquad_11340,Is Binswanger's disease inherited ?,,['No'],Yes,0.0,False,False,Factuality,A2_ContraindicationIndication,"The answer incorrectly states that Binswanger's disease is inherited, which is a factual error regarding the nature of the disease. This is akin to stating something is safe when it is unsafe, or indicated when it is contraindicated, but applied to the concept of inheritance.",1.3101412583227037,0.5642471277243661,2.7430455850167568,0.02,0.06715002809951676,0.3,3
medquad_10809,"What are the symptoms of Blepharophimosis with ptosis, syndactyly, and short stature ?",,"['Blepharophimosis, ptosis, syndactyly, short stature, abnormality of cranial nerves, highly arched eyebrow, mandibular prognathia, strabismus, synophrys, thick eyebrow.']","Blepharophimosis, ptosis, and short stature; syndactyly of fingers and toes.",0.0,False,False,Faithfulness,B1_ExtrapolationAddition,"The generated answer includes ""syndactyly of fingers and toes"" which is a more specific detail than just ""syndactyly"" mentioned in the question. While not factually incorrect, it adds information beyond the scope defined by the question.",2.0902071250562537,0.6593869331625234,2.952870716351556,0.98,0.8986241867800654,1.0,76
medquad_2645,What are the stages of Merkel Cell Carcinoma ?,,"['Stage 0, Stage IA, Stage IB, Stage IIA, Stage IIB, Stage IIC, Stage IIIA, Stage IIIB, Stage IV']","Stage I: A small, round, red, or pink, painless, slow-growing tumor.",0.0,False,False,Factuality,A3_DiagnosticCriteriaDefinition,"The answer describes characteristics of Merkel Cell Carcinoma (size, color, pain, growth rate) instead of listing the stages of the disease, thus misrepresenting the definition/purpose of ""stages"" in the context of cancer.",2.254845129402043,0.6787760195268461,3.4571708620489465,0.91,0.9350233289345075,0.97,68
medquad_6995,What is (are) glucose-6-phosphate dehydrogenase deficiency ?,,"['A genetic disorder that causes red blood cells to break down prematurely, leading to hemolytic anemia.']",A rare metabolic disorder that prevents the body from converting glucose into energy.,0.0,False,False,Factuality,A3_DiagnosticCriteriaDefinition,"The generated answer misrepresents the established definition of glucose-6-phosphate dehydrogenase deficiency. It incorrectly states that it prevents the body from converting glucose into energy, while the correct definition involves the premature breakdown of red blood cells.",1.9126434012112012,0.6375478004037337,3.2411944620897657,0.97,0.8157470973503633,0.98,85
medquad_6321,What are the genetic changes related to Feingold syndrome ?,,['Mutations in the MYCN gene that prevent one copy from producing functional MYCN protein.'],Mutations in the SLC2A10 gene that reduce or eliminate GLUT10 function.,0.0,False,False,Factuality,A3_DiagnosticCriteriaDefinition,"The incorrect answer identifies a genetic mutation (SLC2A10) associated with Arterial Tortuosity Syndrome (ATS), not Feingold syndrome. This is a misrepresentation of the established genetic cause for Feingold syndrome, which is related to the MYCN gene.",2.286620679030196,0.6883414130936297,3.5178099391369138,0.99,0.9897577287265419,1.0,71
medquad_8615,What is (are) CHMP2B-related frontotemporal dementia ?,,"['A progressive brain disorder affecting personality, behavior, and language.']","A rare genetic disorder characterized by progressive dementia, behavioral changes, and personality changes.",0.0,False,False,Factuality,B1_StatisticalEpidemiological,,2.2919293413288164,0.6899394796823649,3.314761027446745,0.92,0.9563687010064368,1.0,107
medquad_5315,"What is (are) immune dysregulation, polyendocrinopathy, enteropathy, X-linked syndrome ?",,"['A life-threatening, X-linked syndrome in males characterized by multiple autoimmune disorders affecting the intestines, skin, and endocrine glands.']","A rare genetic disorder characterized by immune dysregulation, autoimmunity, and malabsorption.",0.0,False,False,Factuality,A3_DiagnosticCriteriaDefinition,"The generated answer provides a definition of IPEX syndrome that is not incorrect, but it omits key characteristics that define the syndrome, such as it being X-linked, affecting the intestines, skin, and endocrine glands. This misrepresents the established medical definition of the syndrome.",2.2802330967038182,0.6864185592136168,3.388916012449718,0.94,0.9614496866901842,1.0,95
medquad_2550,Who is at risk for Lung Cancer? ?,,"['Smokers, those exposed to secondhand smoke, individuals with a family history of lung cancer, and people with HIV infection.']","Smokers, heavy smokers, and former smokers.",0.0,False,False,Faithfulness,B1_ExtrapolationAddition,"The generated answer is not incorrect, but it only lists smokers, heavy smokers, and former smokers. The correct answer includes other risk factors such as secondhand smoke, family history, and HIV infection. The generated answer adds the detail of ""heavy smokers"" which is not explicitly mentioned in the question, but it also omits other risk factors, thus extrapolating and adding details beyond the scope defined by the question.",2.2836839606015378,0.6874573727577844,3.5145571062531746,0.92,0.9527571249873423,0.97,43
medquad_14070,What are the symptoms of Mosaic trisomy 14 ?,,"['Cognitive impairment, short stature, distinctive facial characteristics, and various other structural abnormalities.']","Mosaic trisomy 14 is a rare genetic disorder characterized by a combination of mental retardation, microcephaly, and facial dysmorphism.",0.0,False,False,Factuality,A3_DiagnosticCriteriaDefinition,"The incorrect generated answer misrepresents the symptoms and clinical features of Mosaic trisomy 14 by narrowing them to just mental retardation, microcephaly, and facial dysmorphism. This is a mischaracterization of the established medical understanding of the disorder, which includes a broader range of symptoms such as cognitive impairment, short stature, and various structural anomalies.",2.2794242504066635,0.6861750722162916,3.42073150877796,0.99,0.9866056063565111,1.0,136
medquad_9370,What are the symptoms of Potocki-Lupski syndrome ?,,"['Abnormality of chromosome segregation, abnormality of the pharynx, apnea, attention deficit hyperactivity disorder']","Short stature, cleft palate, and mental retardation.",0.0,False,False,Factuality,A3_DiagnosticCriteriaDefinition,"The generated answer lists symptoms (short stature, cleft palate, and mental retardation) that are associated with Potocki-Lupski syndrome, but are not the primary or defining symptoms listed in the reference answer. This constitutes a misrepresentation of the established symptoms/diagnostic criteria for the syndrome.",2.1452196090542315,0.6767414396486223,3.566843974987502,1.0,0.9329243986618165,1.0,52
medquad_3901,Who is at risk for Pulmonary Embolism? ?,,"['People with DVT, a history of PE, those who are bedridden, have had surgery or a bone fracture, certain diseases, smoke, or have recently been treated for cancer; also those with central venous catheters, pregnant women, those taking hormone therapy or birth control pills, and overweight or obese individuals.']",Anyone who has a history of deep vein thrombosis (DVT) or pulmonary embolism (PE) is at risk.,0.0,False,False,Faithfulness,B1_ExtrapolationAddition,"The answer is not incorrect, but it only provides a small subset of the risk factors for PE. The question asks ""Who is at risk,"" implying a broader range of potential individuals, and the answer only lists those with a history of DVT or PE, which is an incomplete response and adds a limitation not present in the question.",2.2807420215171264,0.6865717608479602,3.5051183317755124,0.98,0.9820807651503198,1.0,93
medquad_1518,Who is at risk for I Can Lower My Risk for Type 2 Diabetes: A Guide for American Indians? ?,,['Me'],American Indians and Alaska Natives.,0.0,False,False,Faithfulness,A1_ContextIgnorant,"The question is a fill-in-the-blank question, where the answer is ""Me"". The generated answer ignores the question's format and provides a population group at risk for type 2 diabetes, which is factually correct but doesn't answer the question.",2.2514455216262137,0.6777526356128291,3.451519440550813,0.95,0.9539424230684281,0.95,36
medquad_8141,What are the treatments for pulmonary veno-occlusive disease ?,,"['Drug therapy, surgery and rehabilitation, palliative care']","Pulmonary arterial hypertension, pulmonary vasodilators, and pulmonary vasodilators.",0.0,False,False,Faithfulness,A1_ContextIgnorant,"The generated answer lists treatments for pulmonary arterial hypertension (PAH), not pulmonary veno-occlusive disease (PVOD), thus ignoring the key entity in the question.",2.2880458199974405,0.6887704232728199,3.6096941753747127,0.92,0.9546676719122147,1.0,84
medquad_11058,What is (are) Combined oxidative phosphorylation deficiency 16 ?,,"['Infantile hypertrophic cardiomyopathy, a mitochondrial disorder caused by MRPL44 gene mutations resulting in decreased mitochondrial complexes and symptoms including hypertrophic cardiomyopathy, hepatic steatosis, and neurological problems.']","A rare genetic disorder characterized by severe mental retardation, seizures, and a characteristic facial appearance.",0.0,False,False,Factuality,A3_DiagnosticCriteriaDefinition,"The generated answer describes a rare genetic disorder with symptoms (severe mental retardation, seizures, characteristic facial appearance) that do not align with the symptoms and characteristics of Combined oxidative phosphorylation deficiency 16 (infantile hypertrophic cardiomyopathy, hepatic steatosis, and neurological problems). This is a misrepresentation of the established medical criteria/definition of the condition.",2.2350264765509467,0.6728100105450147,3.1236079231834664,0.98,0.9620568061166929,1.0,117
medquad_7593,What are the genetic changes related to long-chain 3-hydroxyacyl-CoA dehydrogenase deficiency ?,,['Mutations in the HADHA gene.'],Mutations in the LCHD gene that reduce or eliminate LCHD function.,0.0,False,False,Factuality,A3_DiagnosticCriteriaDefinition,"The incorrect answer refers to ""LCHD gene"" and ""LCHD function,"" which are not established medical terms related to long-chain 3-hydroxyacyl-CoA dehydrogenase deficiency (LCHADD). The correct gene is HADHA. This constitutes a misrepresentation of the established genetic basis of the disease.",2.2806684193185527,0.6865496043784428,2.9559570419328915,0.97,0.9769464856849712,1.0,66
medquad_811,What is (are) Klippel Feil Syndrome ?,,['A rare disorder characterized by congenital fusion of two or more cervical vertebrae.'],"A rare genetic disorder characterized by abnormal bones, joints, and muscles.",0.0,False,False,Factuality,A3_DiagnosticCriteriaDefinition,"The generated answer provides a definition of Klippel Feil Syndrome that is too broad and not specific enough. While abnormal bones, joints, and muscles can be associated, the defining characteristic is the congenital fusion of cervical vertebrae. The generated answer misrepresents the established medical definition.",2.1640680301101987,0.6826874544746485,3.639688595916213,0.98,0.9309761523550346,1.0,77
medquad_7537,What are the genetic changes related to Gillespie syndrome ?,,['Mutations in the PAX6 gene resulting in the absence or dysfunction of the PAX6 protein.'],Mutations in the SLC2A10 gene that reduce or eliminate GLUT10 function.,0.0,False,False,Factuality,A3_DiagnosticCriteriaDefinition,The generated answer incorrectly states that mutations in the SLC2A10 gene are related to Gillespie syndrome. The correct answer is mutations in the PAX6 gene. This is a misrepresentation of the established genetic cause of Gillespie syndrome.,2.282623693899131,0.6871382006769562,3.4472637781007553,1.0,0.9931090419384686,1.0,71
medquad_11212,What are the treatments for Mucopolysaccharidosis type I ?,,"['Enzyme replacement therapy (ERT) with laronidase, bone marrow transplant.']","Behavioral treatment, shaving or clipping hair, cognitive behavior therapy (CBT), and medication (though not consistently effective).",0.0,False,False,Factuality,A3_DiagnosticCriteriaDefinition,"The generated answer lists ""Behavioral treatment, shaving or clipping hair, cognitive behavior therapy (CBT), and medication"" as treatments for Mucopolysaccharidosis type I. These are not established or recognized medical treatments for this specific genetic disorder. This misrepresents the established medical treatments for the condition.",2.279256296509025,0.6861245130552137,3.3302276322612316,1.0,0.9916340813437888,1.0,133
medquad_10243,What is (are) Ovarian small cell carcinoma ?,,"['A rare, aggressive cancer that typically occurs in young women, metastasizes, and is associated with hypercalcemia.']","A rare cancer of the ovary, usually occurring in women over 50 years of age.",0.0,False,False,Factuality,A3_DiagnosticCriteriaDefinition,"The incorrect answer states that ovarian small cell carcinoma usually occurs in women over 50, which contradicts the reference answer stating it typically occurs in young women. This is a misrepresentation of the established diagnostic criteria/definition related to the typical patient age.",2.2807173470627067,0.6865643330970533,3.5239959557832927,1.0,0.9922740390748981,1.0,76
medquad_3988,What is (are) ARDS ?,,['ARDS is a lung condition that leads to low oxygen levels in the blood.'],"Acute respiratory distress syndrome, a life-threatening condition that occurs when the lungs are unable to adequately oxygenate the blood.",0.0,False,False,Other/Unclear,Other/Unclear,"The generated answer is a more detailed but essentially correct definition of ARDS. It doesn't contradict the reference answer or any known facts, nor does it violate any constraints in the question. It's a slightly expanded definition, not an error.",1.3543384489746835,0.5239296309315313,2.2371918513097384,0.99,0.5814068888487599,0.97,138
medquad_10352,What are the symptoms of Spinal intradural arachnoid cysts ?,,"['Abnormality of the vertebral column, arachnoid cyst, paraplegia']","Spinal intradural arachnoid cysts, which are cysts in the spinal cord, are usually asymptomatic.",0.0,False,False,Factuality,A3_DiagnosticCriteriaDefinition,"The generated answer states that spinal intradural arachnoid cysts are usually asymptomatic, which contradicts the reference answer listing paraplegia and vertebral column abnormality as symptoms. This misrepresents the established symptoms (diagnostic criteria) associated with the condition.",2.2974747961939395,0.6916088279363677,3.6593027442738464,0.93,0.9638997178116571,0.96,96
medquad_11049,What are the symptoms of Waardenburg syndrome type 2A ?,,"['Albinism, congenital sensorineural hearing impairment, heterochromia iridis, premature graying of hair']","Cleft palate, cleft lip, and/or cleft lip and palate; microphthalmia; and/or microcephaly.",0.0,False,False,Factuality,A3_DiagnosticCriteriaDefinition,"The generated answer lists symptoms (cleft palate, microphthalmia, microcephaly) that are not established diagnostic criteria or typical symptoms of Waardenburg syndrome type 2A, thus misrepresenting the established medical understanding of the condition's symptoms.",2.2842399258439485,0.6876247349722966,3.5991833192712637,0.99,0.9887149301706925,1.0,90
medquad_1964,What to do for Pregnancy and Thyroid Disease ?,,['Mild hyperthyroidism may not require treatment; severe hyperthyroidism is treated with antithyroid medications; hypothyroidism is treated with thyroxine (T4).'],The thyroid gland is a butterfly-shaped organ that sits on the front of the neck. It produces hormones that control the body's metabolism.,0.0,False,False,Faithfulness,B1_ExtrapolationAddition,"The answer provides a general description of the thyroid gland and its function, which is not directly answering the question about what to do for pregnancy and thyroid disease. It adds information beyond the scope of the question.",2.2773772630171907,0.6855588676113143,3.5870948537712004,0.99,0.9857090012376292,1.0,138
medquad_1072,What are the treatments for Wernicke-Korsakoff Syndrome ?,,"['Thiamine replacement, proper nutrition and hydration, drug therapy, and stopping alcohol use.']","Behavioral treatment, cognitive behavior therapy, and medication.",0.0,False,False,Factuality,A3_DiagnosticCriteriaDefinition,"The generated answer lists ""behavioral treatment, cognitive behavior therapy, and medication"" as treatments for Wernicke-Korsakoff Syndrome. While these might be supportive therapies, the core treatment involves thiamine replacement, which is missing. The generated answer misrepresents the established medical treatments for the syndrome.",2.119121724106514,0.6685084735892225,3.3205875042377917,0.98,0.9112891292473266,1.0,65
medquad_12269,What are the symptoms of WAGR syndrome ?,,"['Aniridia, cognitive impairment, Wilms tumor, and many others.']","Short stature, cleft palate, and mental retardation.",0.0,False,False,Factuality,A3_DiagnosticCriteriaDefinition,"The generated answer lists symptoms (short stature, cleft palate) that are not typically associated with WAGR syndrome, thus misrepresenting the established diagnostic criteria/symptoms of the syndrome.",1.9864208638811935,0.6621402879603978,3.5015627015349797,1.0,0.8633686366056346,1.0,52
medquad_4140,What is (are) Fractures ?,,"['A break, usually in a bone.']",Fractures are breaks in the bone.,0.0,False,False,Other/Unclear,Other/Unclear,"The generated answer is essentially the same as the correct answer. It's not factually wrong, nor does it violate any constraints in the question. It's just a slightly reworded version of the correct answer.",1.9648798161897734,0.6549599387299244,3.373379866030545,0.94,0.82332115350077,0.91,33
medquad_5970,What is (are) VACTERL association ?,,"['A disorder affecting many body systems, characterized by at least three of the following: vertebral defects, anal atresia, cardiac defects, tracheo-esophageal fistula, renal anomalies, and limb abnormalities.']","A group of congenital disorders that include vertebral anomalies, cardiac anomalies, abnormalities of the skeleton, and abnormalities of the digestive system.",0.0,False,False,Factuality,A3_DiagnosticCriteriaDefinition,"The incorrect generated answer misrepresents the established diagnostic criteria of VACTERL association. While it partially overlaps with the reference (e.g., it mentions vertebral and cardiac anomalies), it fails to meet the recognized diagnostic standard that VACTERL is defined by the presence of at least three specific anomalies: vertebral defects, anal atresia, cardiac defects, tracheo-esophageal fistula, renal anomalies, and limb abnormalities.",2.047429043964053,0.6824763479880177,3.53503437939155,0.99,0.884988913101703,1.0,158
medquad_11828,What is (are) SCOT deficiency ?,,"['A metabolic disease caused by reduced or missing 3-ketoacid CoA transferase, characterized by intermittent ketoacidosis.']","A rare genetic disorder characterized by short stature, delayed growth, and intellectual disability.",0.0,False,False,Factuality,A3_DiagnosticCriteriaDefinition,"The generated answer misrepresents the established medical definition and characteristics of SCOT deficiency. The correct answer defines it as a metabolic disease with ketoacidosis, while the generated answer describes a genetic disorder with short stature and intellectual disability, which is factually incorrect.",2.2719043850864016,0.6839113671915393,3.345618542374172,0.99,0.983311814819678,1.0,100
medquad_2263,What are the treatments for Cirrhosis ?,,"['Avoiding alcohol and illegal substances, preventing medication problems, viral hepatitis vaccination and screening, treating causes and symptoms/complications of cirrhosis.']","Liver transplantation, chemotherapy, and radiation therapy.",0.0,False,False,Factuality,A2_ContraindicationIndication,Chemotherapy and radiation therapy are not standard treatments for cirrhosis and could be harmful. This answer wrongly indicates these as treatments.,2.266109796168757,0.6821670221147862,3.4839785286196285,0.88,0.9246512661370319,1.0,59
medquad_3771,What are the symptoms of Pericarditis ?,,"['Sharp, stabbing chest pain, fever, weakness, palpitations, trouble breathing, coughing, tiredness, shortness of breath, swelling in stomach and legs, hypotension.']","Pericarditis is inflammation of the pericardium, the membrane that surrounds the heart.",0.0,False,False,Faithfulness,A1_ContextIgnorant,"The question asks for the symptoms of pericarditis, but the answer only provides a definition of the condition, ignoring the explicit request for symptoms.",2.292192025810252,0.6900185555906725,3.6291490262349146,0.91,0.9513817191552593,1.0,87
medquad_4538,What is (are) Adrenal Gland Cancer ?,,"['Adrenocortical carcinoma, neuroblastoma, pheochromocytoma.']",A rare cancer of the adrenal glands.,0.0,False,False,Factuality,A3_DiagnosticCriteriaDefinition,"The generated answer provides a definition of adrenal gland cancer, but it fails to list the specific types of adrenal gland cancer as requested by the question. This is a misrepresentation of the established medical definition/diagnostic criteria for adrenal gland cancer.",2.288223317411313,0.6888238553185483,3.455518815158258,0.98,0.9853576628142209,1.0,36
medquad_12104,What is (are) Axial spondylometaphyseal dysplasia ?,,"['A genetic disorder of bone growth affecting the bones of the chest, pelvis, spine, upper arms and upper legs, resulting in shortened stature and associated with early and progressive vision loss.']","A rare genetic disorder characterized by short stature, scoliosis, and abnormal bone growth.",0.0,False,False,Factuality,A3_DiagnosticCriteriaDefinition,"The generated answer omits the key diagnostic criterion of ""early and progressive vision loss"" associated with Axial spondylometaphyseal dysplasia, thus misrepresenting the established medical definition of the condition.",2.2756689141742714,0.6850446033665377,3.4628157156579915,0.94,0.9594505197971447,1.0,92
medquad_11490,What is (are) Nail-patella syndrome ?,,"['An inherited condition characterized by abnormalities of the nails, knees, elbows, and pelvis, sometimes affecting kidneys and eyes.']","A rare genetic disorder characterized by nail-patella syndrome, nail-patella syndrome, and nail-patella syndrome.",0.0,False,False,Factuality,A3_DiagnosticCriteriaDefinition,"The generated answer defines Nail-patella syndrome as being characterized by ""nail-patella syndrome, nail-patella syndrome, and nail-patella syndrome,"" which is a nonsensical and incorrect definition of the syndrome. This misrepresents the established medical definition of the condition.",2.288791953123723,0.6889950317245894,3.6181029507036673,0.88,0.9345863239384109,1.0,113
medquad_10167,What are the symptoms of Split hand/foot malformation X-linked ?,,"['Finger syndactyly, short metacarpal, short phalanx of finger, split foot, split hand']",Split hand/foot malformation X-linked is a rare genetic disorder characterized by a split hand or foot.,0.0,False,False,Factuality,A3_DiagnosticCriteriaDefinition,The generated answer provides a definition of the condition but fails to list the specific symptoms as requested by the question. This misrepresents the diagnostic criteria/definition by omitting key details (symptoms).,2.2497233190668893,0.6772342009838631,3.4739730275048117,0.97,0.9633921592476684,1.0,103
medquad_11023,What are the treatments for Multiple familial trichoepithelioma ?,,"['Surgery, cryosurgery, laser surgery, imiquimod cream']",Cytoreductive surgery and radiation therapy.,0.0,False,False,Factuality,A2_ContraindicationIndication,Radiation therapy is generally contraindicated for Multiple familial trichoepithelioma due to the risk of inducing basal cell carcinomas. The generated answer incorrectly lists radiation therapy as a treatment.,2.216780491427679,0.6673174217224723,3.278898032688088,0.71,0.8163097429408454,0.86,44
medquad_11355,What is (are) Systemic capillary leak syndrome ?,,"['A condition in which fluid and proteins leak out of tiny blood vessels, resulting in dangerously low blood pressure.']","A rare disorder characterized by excessive fluid accumulation in the tissues, causing swelling, edema, and skin lesions.",0.0,False,False,Factuality,A3_DiagnosticCriteriaDefinition,"The generated answer describes a general condition of fluid accumulation and swelling, which is not specific to Systemic Capillary Leak Syndrome. The correct answer highlights the leakage from blood vessels and dangerously low blood pressure, which are key defining characteristics of the syndrome. The generated answer misrepresents the established medical definition of the syndrome.",2.2836365016179654,0.6874430861801654,3.5053177564319506,1.0,0.9935526639118232,1.0,120
medquad_4410,What is (are) Clostridium Difficile Infections ?,,"['Bacterial infections causing diarrhea, colitis, and other intestinal conditions.']","A group of infections caused by Clostridium difficile, a bacterium that can cause diarrhea, fever, and abdominal cramps.",0.0,False,False,Other/Unclear,Other/Unclear,"The generated answer is generally correct and aligns with the reference answer. While it provides slightly more detail (fever, abdominal cramps), this doesn't constitute a clear factuality or faithfulness error. It's a reasonable elaboration on the basic definition.",2.2971460389369325,0.6915098621407164,3.4212426994207963,0.96,0.979061840624382,0.78,120
medquad_6105,What are the genetic changes related to late-infantile neuronal ceroid lipofuscinosis ?,,"['Mutations in the TPP1, CLN5, CLN6, CLN8, MFSD8, or PPT1 genes.']",Mutations in the POLG gene.,0.0,False,False,Factuality,A3_DiagnosticCriteriaDefinition,"The generated answer incorrectly identifies the POLG gene as being related to late-infantile neuronal ceroid lipofuscinosis. Mutations in the TPP1, CLN5, CLN6, CLN8, MFSD8, or PPT1 genes are known to cause this condition. POLG gene mutations are associated with other conditions, such as Alpers-Huttenlocher syndrome.",2.2589580159227047,0.6800141217383274,3.3910801403782442,0.8,0.8807023737632168,0.96,27
medquad_6191,What are the treatments for tuberous sclerosis complex ?,,"['Drug therapy, surgery and rehabilitation, genetic counseling, palliative care']","Behavioral treatment, medication, and surgery.",0.0,False,False,Factuality,A3_DiagnosticCriteriaDefinition,"The generated answer lists ""behavioral treatment"" as a treatment for tuberous sclerosis complex (TSC). While behavioral interventions might be used to manage some symptoms associated with TSC (e.g., autism spectrum disorder, ADHD), it is not considered a core treatment for TSC itself, which primarily involves managing the tumors and associated complications. The core treatments involve drug therapy, surgery and rehabilitation, genetic counseling, and palliative care. Therefore, listing behavioral treatment as a primary treatment misrepresents the established medical treatments for TSC.",2.251093675154641,0.6776467192710172,3.407003256468828,0.85,0.9027679019149729,0.88,46
medquad_10297,What are the symptoms of Fanconi anemia ?,,"['Anemia, thrombocytopenia, short stature, hypopigmented skin patches.']","Fanconi anemia is a genetic disorder that causes bone marrow failure, which can lead to anemia, bone marrow failure, and other complications.",0.0,False,False,Factuality,A3_DiagnosticCriteriaDefinition,"The generated answer states that Fanconi anemia ""causes bone marrow failure, which can lead to anemia, bone marrow failure, and other complications."" While bone marrow failure is associated with Fanconi anemia, it is not a symptom of the condition itself. The symptoms are more directly related to the physical manifestations of the disease. The answer misrepresents the direct symptoms of Fanconi anemia.",2.285729987606544,0.6880732882582298,3.484456708948235,0.99,0.9893675951605522,1.0,141
medquad_1805,What causes Abdominal Adhesions ?,,"['Abdominal surgery, inflammation (e.g., appendix rupture, radiation treatment, infections), or unknown causes.']",Abdominal adhesions are scar tissue that forms between the abdominal organs and the abdominal wall.,0.0,False,False,Factuality,A3_DiagnosticCriteriaDefinition,"The generated answer describes what abdominal adhesions *are* (scar tissue) rather than what *causes* them, misrepresenting the definition/etiology of the condition as it relates to the question.",2.2962830425794523,0.6912500743509661,3.6294821460358997,0.96,0.9786838378307777,0.94,99
medquad_8551,What are the genetic changes related to Brugada syndrome ?,,"['Mutations in SCN5A and other genes affecting sodium, calcium, or potassium channels.']",Mutations in the SCN5A gene that cause the abnormal electrical activity of the heart.,0.0,False,False,Other/Unclear,Other/Unclear,"The generated answer is not entirely incorrect, as it correctly identifies SCN5A as a gene associated with Brugada syndrome. However, it omits the fact that other genes affecting sodium, calcium, or potassium channels are also involved. It's not a clear factuality error, nor a clear faithfulness error, as it partially answers the question. Therefore, it's classified as Other/Unclear.",1.942975281561114,0.647658427187038,2.5181827031994937,0.9,0.7933185403742748,0.97,85
medquad_5117,What is (are) RAPADILINO syndrome ?,,"['A rare condition affecting bone development, causing radial ray malformations, patella and palate abnormalities, diarrhea and dislocated joints, limb abnormalities and small size, and a slender nose.']","A rare genetic disorder characterized by short stature, mental retardation, and a wide range of other abnormalities.",0.0,False,False,Factuality,A3_DiagnosticCriteriaDefinition,"The generated answer misrepresents the characteristics of RAPADILINO syndrome. While short stature is a feature, mental retardation is not a defining characteristic of the syndrome, and the other abnormalities are not specific enough. This constitutes a misrepresentation of the established medical definition/criteria for the syndrome.",2.2867181099784553,0.6883707427315617,3.5544157399777614,0.98,0.9846983638384579,1.0,116
medquad_8453,What is (are) 5-alpha reductase deficiency ?,,['A condition affecting male sexual development due to insufficient dihydrotestosterone (DHT) production.'],"A rare genetic disorder characterized by a deficiency of the enzyme 5-alpha reductase, which is responsible for converting testosterone to dihydrotestosterone.",0.0,False,False,Factuality,A3_DiagnosticCriteriaDefinition,"The generated answer provides a definition of 5-alpha reductase deficiency. While the definition is generally correct, the reference answer is more specific, focusing on the condition's impact on male sexual development due to insufficient DHT production. The generated answer, while not entirely wrong, lacks the specificity of the reference answer and could be considered a misrepresentation of the key diagnostic criteria or definition relevant to the question.",2.266336196496052,0.6822351754043301,3.3426811116526385,0.95,0.9604647179201526,0.96,159
medquad_9832,What are the symptoms of Barber Say syndrome ?,,"['Abnormality of the eyelashes, anteverted nares, aplasia/hypoplasia of the eyebrow, cutis laxa.']","Short stature, short neck, and short fingers.",0.0,False,False,Factuality,A3_DiagnosticCriteriaDefinition,"The generated answer lists symptoms (short stature, short neck, and short fingers) that are not recognized as symptoms of Barber Say syndrome. This misrepresents the established diagnostic criteria/symptoms of the syndrome.",2.152727657612404,0.6791099652619276,3.6143378208906056,0.99,0.9311109734982741,0.98,45
medquad_2783,what research (or clinical trials) is being done for Wilms Tumor and Other Childhood Kidney Tumors ?,,"['Lorvotuzumab (for recurrent Wilms tumor), LOXO-101 and entrectinib (for congenital mesoblastic nephroma), tazemetostat (for rhabdoid tumor of the kidney)']",There are no clinical trials for Wilms Tumor and Other Childhood Kidney Tumors.,0.0,False,False,Factuality,A2_ContraindicationIndication,"The generated answer states that there are no clinical trials for Wilms Tumor and Other Childhood Kidney Tumors, which is incorrect. Clinical trials are indicated (and exist) for these conditions, thus the answer wrongly states the opposite. This is analogous to stating a drug is contraindicated when it is actually indicated.",2.1328114758579337,0.6420402293296031,3.0614774064161576,0.95,0.9019792828671054,1.0,79
medquad_4277,What is (are) Dengue ?,,['An infection caused by a virus spread by infected mosquitoes.'],A viral disease caused by the dengue virus.,0.0,False,False,Other/Unclear,Other/Unclear,The generated answer is correct and does not contain any errors.,1.9949663209371107,0.6649887736457035,3.1371548419834303,0.97,0.8518055272201084,0.98,43
medquad_6860,How many people are affected by 3-M syndrome ?,,['About 50'],At least 100,0.0,False,False,Factuality,B1_StatisticalEpidemiological,"The answer provides an incorrect estimate of the number of people affected by 3-M syndrome, which is a statistical/epidemiological fact.",2.245436020439707,0.6759435954967122,3.450531225838684,1.0,0.9768203932860618,0.96,12
medquad_10014,What are the symptoms of Myoclonic epilepsy with ragged red fibers ?,,"['Myoclonus, epileptic seizures, ataxia, ragged-red fibers, hearing loss, lactic acidosis, short stature, exercise intolerance, dementia, cardiac defects, eye abnormalities, and speech impairment.']","Myoclonic seizures, myoclonic jerks, and myoclonic ataxia.",0.0,False,False,Faithfulness,B1_ExtrapolationAddition,"The generated answer only lists ""Myoclonic seizures, myoclonic jerks, and myoclonic ataxia"" as symptoms. While these are related to myoclonus, the question asks about Myoclonic epilepsy with ragged red fibers (MERRF), a specific mitochondrial disorder. The answer fails to include other key symptoms associated with MERRF, such as ragged-red fibers, hearing loss, lactic acidosis, etc., thus adding irrelevant details by only focusing on myoclonus-related symptoms and extrapolating beyond the scope of MERRF.",2.1598866339083216,0.6813683708370311,3.3979989529272165,0.9,0.8883283239510074,0.93,58
medquad_11786,What are the symptoms of Factor V deficiency ?,,"['Abnormal bleeding, bruising susceptibility, epistaxis, menorrhagia']","Hemolytic anemia, thrombocytopenia, and thrombosis.",0.0,False,False,Factuality,A3_DiagnosticCriteriaDefinition,"The generated answer lists symptoms (hemolytic anemia, thrombocytopenia, and thrombosis) that are not typically associated with Factor V deficiency. This constitutes a misrepresentation of the established symptoms related to the condition.",2.2506622063779993,0.6775168342270556,3.381337485291709,0.99,0.9740074848252154,1.0,51
medquad_534,what research (or clinical trials) is being done for Normal Pressure Hydrocephalus ?,,"['Research focuses on increasing knowledge and understanding, improving diagnostic techniques and neuroimaging, and finding improved treatments and preventions.']",There is no cure for NPH.,0.0,False,False,Faithfulness,B1_ExtrapolationAddition,"The question asks about ongoing research and clinical trials for NPH. The answer, ""There is no cure for NPH,"" while potentially true, adds information beyond the scope of the question. The question is about *research*, not current treatment status.",2.0067773221537846,0.6330677606696383,2.755009415201779,0.95,0.8467748063049916,0.91,25
medquad_5406,What is (are) REN-related kidney disease ?,,"['An inherited condition causing slowly progressive kidney disease, usually apparent in childhood, leading to kidney failure requiring dialysis or transplant between ages 40 and 70.']","A rare genetic disorder characterized by progressive kidney failure, which is caused by a mutation in the REN3D gene.",0.0,False,False,Factuality,B2_FabricatedEntityGuideline,"The answer mentions ""REN3D gene"" as the cause of the kidney disease, which is a fabricated entity. There is no established medical knowledge or evidence to support the existence of a ""REN3D gene"" associated with kidney disease.",2.2916860496979052,0.6898662416037666,3.569547649146266,0.94,0.9664662179759276,0.99,117
medquad_13951,What are the treatments for Central core disease ?,,"['Physical therapy, occupational therapy, surgery (for skeletal abnormalities), salbutamol, and breathing exercises/support.']","Behavioral treatment, shaving or clipping hair, cognitive behavior therapy (CBT), and medication (though not consistently effective).",0.0,False,False,Factuality,A3_DiagnosticCriteriaDefinition,"The generated answer lists ""behavioral treatment, shaving or clipping hair, cognitive behavior therapy (CBT)"" as treatments for Central Core Disease. These are not established or recognized medical treatments for this specific genetic muscle disorder, thus misrepresenting the established treatments for the disease.",2.186381484023882,0.6581664086555181,3.039751886340129,1.0,0.9509537954184192,0.94,133
medquad_13124,What is (are) Celiac artery compression syndrome ?,,"['A rare disorder characterized by chronic, recurrent abdominal pain related to compression of the celiac artery by the median arcuate ligament.']",A rare condition in which the arteries to the brain are compressed by the celiac artery.,0.0,False,False,Factuality,A3_DiagnosticCriteriaDefinition,"The generated answer incorrectly describes Celiac artery compression syndrome as involving compression of arteries to the brain, instead of the celiac artery itself by the median arcuate ligament, which is a misrepresentation of the established medical definition of the syndrome.",2.2791487936280626,0.6860921514634237,3.584676892999834,0.95,0.9660767897061404,1.0,88
medquad_11529,What is (are) 22q11.2 duplication syndrome ?,,['A condition caused by an extra copy of a small piece of chromosome 22.'],"A rare genetic disorder characterized by intellectual disability, short stature, and microcephaly.",0.0,False,False,Factuality,A3_DiagnosticCriteriaDefinition,"The generated answer describes symptoms of a genetic disorder, but it does not accurately define 22q11.2 duplication syndrome, which is caused by an extra copy of a small piece of chromosome 22. The answer misrepresents the established definition/cause of the syndrome.",2.123383007841896,0.6698527589377539,3.4493759346232498,0.99,0.9182576636384553,1.0,98
medquad_13480,What is (are) Lipedema ?,,"['Lipedema is a syndrome characterized by symmetric enlargement of the legs due to deposits of fat beneath the skin, which is often painful.']",A condition characterized by excessive accumulation of fat in the lower extremities.,0.0,False,False,Factuality,A3_DiagnosticCriteriaDefinition,"The generated answer provides a definition of Lipedema, but it omits the key characteristic of symmetry and the common symptom of pain, which are important diagnostic criteria.",2.285977592445046,0.6881478247416903,3.578717822407742,0.94,0.9639658449789299,1.0,84
medquad_3051,What causes Osteoarthritis ?,,"['A combination of factors in the body and the environment, wear and tear on joints affecting cartilage.']",Osteoarthritis is a degenerative joint disease that occurs when the cartilage that covers the ends of bones wears away.,0.0,False,False,Factuality,A3_DiagnosticCriteriaDefinition,"The answer provides a correct but incomplete definition of osteoarthritis. The reference answer mentions ""a combination of factors in the body and the environment"" which is missing from the generated answer. The generated answer focuses solely on cartilage wear, omitting other contributing factors. This constitutes a misrepresentation of the established definition of osteoarthritis.",2.279438999368426,0.686179512096187,3.287616140332842,0.99,0.9866120665793159,1.0,119
medquad_3041,What causes Age-related Macular Degeneration ?,,['An increase in the size or number of drusen.'],"Aging of the macula, which is the central part of the retina.",0.0,False,False,Factuality,A3_DiagnosticCriteriaDefinition,"The answer describes a general process (aging of the macula) rather than the specific pathological change (drusen increase) that defines the cause of AMD, misrepresenting the established medical definition/criteria.",2.131755694299808,0.6724940474395645,3.4869600158748866,0.94,0.8964147970184817,1.0,61
medquad_764,What are the treatments for Pseudotumor Cerebri ?,,"['Drugs to reduce fluid buildup and relieve pressure, weight loss (dieting or surgery), cessation of certain drugs, surgery to remove pressure on the optic nerve, therapeutic shunting.']",Treatment is symptomatic and supportive.,0.0,False,False,Factuality,A3_DiagnosticCriteriaDefinition,"The generated answer, while not entirely wrong, is an oversimplification that misrepresents the established treatments for Pseudotumor Cerebri. The correct answer lists specific treatments, while the generated answer provides a general statement. This misrepresents the established treatment options, which falls under misrepresenting the established function/purpose of a medical concept/method relevant to the question.",2.2745355443873483,0.6847034250644946,3.566017769124083,0.93,0.9538520493702757,0.93,40
medquad_12758,How to diagnose Muir-Torre syndrome ?,,"['Sebaceous tumors, age under 60 at first presentation, Lynch-related cancer history (personal or family), genetic testing.']",Genetic testing for mutations in the MTRR gene.,0.0,False,False,Factuality,A3_DiagnosticCriteriaDefinition,"The incorrect answer suggests genetic testing for mutations in the MTRR gene as a diagnostic method for Muir-Torre syndrome. However, Muir-Torre syndrome is associated with mutations in mismatch repair genes (MMR) like MLH1, MSH2, MSH6, and PMS2, which are related to Lynch syndrome, not the MTRR gene. Therefore, the answer misrepresents the established genetic diagnostic criteria for Muir-Torre syndrome.",2.259532893668316,0.680187177183596,3.0755008246838917,0.96,0.9625868301975823,0.95,47
medquad_380,What are the treatments for Locked-In Syndrome ?,,"['Functional neuromuscular stimulation, communication devices, symptomatic and supportive treatment.']","Physical therapy, speech therapy, and occupational therapy.",0.0,False,False,Factuality,A3_DiagnosticCriteriaDefinition,"The generated answer lists therapies that are often *part* of the rehabilitation process for patients with Locked-In Syndrome, but it fails to mention the core treatments that directly address the condition and its underlying causes (e.g., communication devices, neuromuscular stimulation). The answer misrepresents the established treatment protocols for the condition.",2.2431894657332494,0.6752673151431684,3.463000377614717,0.9,0.9248159671166196,1.0,59
medquad_6215,What are the treatments for Pallister-Hall syndrome ?,,"['Surgery and Rehabilitation, Genetic Counseling, Palliative Care']","Behavioral treatment, shaving or clipping hair, cognitive behavior therapy (CBT), and medication (though not consistently effective).",0.0,False,False,Faithfulness,B1_ExtrapolationAddition,"The generated answer lists treatments like ""behavioral treatment, shaving or clipping hair, cognitive behavior therapy (CBT), and medication"" which are not standard or specific treatments for Pallister-Hall syndrome. These are general treatments that are not directly related to the condition, thus adding details beyond the scope of the question.",1.5932033371308698,0.567510479210501,2.5353948249595297,1.0,0.6911346262098795,0.98,133
medquad_9971,What are the symptoms of Preauricular sinus ?,,['Preauricular pit'],"A sinus that develops on the side of the ear, usually on the preauricular area.",0.0,False,False,Factuality,A3_DiagnosticCriteriaDefinition,"The generated answer describes the preauricular sinus as ""A sinus that develops on the side of the ear, usually on the preauricular area."" This is a misrepresentation of the definition of a preauricular sinus, which is a preauricular pit.",2.113567813165375,0.6667564097584971,3.53813481263526,0.96,0.8986523677626875,1.0,79
medquad_5843,What is (are) ornithine transcarbamylase deficiency ?,,"['An inherited disorder causing ammonia accumulation in the blood, leading to nervous system toxicity.']","A rare metabolic disorder that causes a deficiency of ornithine transcarbamylase, a key enzyme in the conversion of ornithine to urea.",0.0,False,False,Factuality,A3_DiagnosticCriteriaDefinition,"The generated answer states that ornithine transcarbamylase deficiency causes a deficiency of ornithine transcarbamylase. This is a tautology and doesn't accurately describe the disorder's mechanism or effects, which involve ammonia accumulation and nervous system toxicity. It misrepresents the established definition/purpose of the medical concept.",2.2589862218702903,0.6800226125746068,2.9243512611824882,0.98,0.9725514630016892,1.0,134
medquad_11698,What are the symptoms of Menkes disease ?,,"['Abnormal hair quantity, developmental regression, feeding difficulties in infancy, woolly hair.']",Menkes disease is a rare genetic disorder that affects the brain and nervous system.,0.0,False,False,Factuality,A3_DiagnosticCriteriaDefinition,"The generated answer describes Menkes disease as affecting the brain and nervous system, which is true but doesn't answer the question about the symptoms of the disease. It misrepresents the established purpose of the question, which is to list the symptoms.",2.276017300082535,0.6851494779749918,3.5820589911353196,0.93,0.9545010762026195,1.0,84
medquad_2991,What are the treatments for Alcohol Use and Older Adults ?,,['Treatment programs and support groups specifically for older adults.'],Alcohol use disorder (AUD) is a chronic relapsing brain disease that is characterized by compulsive alcohol use and the resulting negative consequences.,0.0,False,False,Faithfulness,B1_ExtrapolationAddition,"The answer provides a definition of Alcohol Use Disorder (AUD), which is not directly requested by the question. The question asks for treatments, not a definition or general information about the disorder itself. This is adding information beyond the scope of the question.",2.2564312140601017,0.6792534785845843,3.4703756720419223,0.96,0.9612282571901674,1.0,152
medquad_2352,What are the treatments for Irritable Bowel Syndrome in Children ?,,"['Changes in eating, diet, and nutrition, medications, probiotics, therapies for mental health problems']","Dietary changes, antispasmodics, and antibiotics.",0.0,False,False,Factuality,A2_ContraindicationIndication,"The generated answer includes ""antibiotics"" as a treatment for IBS. Antibiotics are not indicated for IBS and, in some cases, can worsen symptoms or contribute to the development of IBS. This is a factuality error related to incorrect indication.",2.1116400295737305,0.6661482617452895,3.4585470596927634,0.95,0.8927059345259416,1.0,49
medquad_3429,How to prevent Gum (Periodontal) Disease ?,,"[""Brush teeth twice daily with fluoride toothpaste, floss regularly, visit the dentist routinely, don't smoke.""]","Brushing and flossing daily, and using a dental floss threader.",0.0,False,False,Faithfulness,B1_ExtrapolationAddition,"The generated answer suggests using a dental floss threader, which is not mentioned in the correct answer and adds a detail beyond the scope of the question, even though it is a plausible method for flossing.",1.696773095517617,0.6044027715149017,3.380780940970517,0.93,0.7007851414750663,0.98,63
medquad_13911,"What are the symptoms of Rippling muscle disease, 1 ?",,"['EMG abnormality, exercise-induced muscle cramps, muscle mounding, percussion-induced rapid rolling muscle contractions (PIRC)']","Rippling muscle disease, 1, is a rare genetic disorder characterized by rippling muscle movements, facial flushing, and a characteristic facial appearance.",0.0,False,False,Factuality,A3_DiagnosticCriteriaDefinition,"The generated answer lists ""facial flushing"" and ""characteristic facial appearance"" as symptoms of Rippling Muscle Disease. While rippling muscle movements are accurate, facial flushing and characteristic facial appearance are not established symptoms, thus misrepresenting the diagnostic criteria/definition of the disease.",2.1706660259616077,0.6847688904229461,3.3327942910436477,1.0,0.944070235599402,0.89,155
medquad_12268,What are the symptoms of Carnevale syndrome ?,,"['Hearing impairment, intellectual disability, radioulnar synostosis, and many other abnormalities.']","Carnevale syndrome is a rare genetic disorder characterized by short stature, mental retardation, and a characteristic facial appearance.",0.0,False,False,Factuality,A3_DiagnosticCriteriaDefinition,"The generated answer lists ""short stature"" and ""characteristic facial appearance"" as symptoms of Carnevale syndrome. While these *may* be present, the reference answer highlights ""hearing impairment, intellectual disability, radioulnar synostosis"" as key diagnostic features. The generated answer misrepresents the established diagnostic criteria/symptoms relevant to the question.",2.2891687080731087,0.6891084462653694,3.6278314470121127,1.0,0.9959758369376573,1.0,137
medquad_10089,What are the symptoms of Lemierre syndrome ?,,"['Severe sore throat, persistent fever, neck pain, tender swelling along internal jugular vein, productive cough, chest pain, abdominal pain, hepatomegaly, jaundice.']","Severe pneumonia, bacteremia, and septic shock.",0.0,False,False,Factuality,A3_DiagnosticCriteriaDefinition,"The generated answer lists severe pneumonia, bacteremia, and septic shock as symptoms of Lemierre syndrome. While these conditions can be associated with Lemierre syndrome, they are complications or consequences of the infection rather than the primary symptoms used to diagnose the condition. The answer misrepresents the established diagnostic criteria/symptoms of Lemierre syndrome.",2.2868181188042933,0.6884008483879701,3.619880284501483,0.94,0.9643340056428071,0.94,47
