id,question,context,reference_answers,generated_answer,accuracy_metric_score,automated_is_correct,hallucination_type,hallucination_subtype,annotation_rationale,semantic_entropy,naive_entropy,internal_signal_score,hybrid_simple_score,hybrid_meta_score
5a7240aa2dc08e987e00000d,List two human monoclonal antibodies against Clostridium difficile toxins.,,"['actoxumab', 'bezlotoxumab']",1. Tocilizumab (Actemra) 2. Infliximab (Remicade),0.0,False,Factuality,A2_ContraindicationIndication,"Tocilizumab and Infliximab are TNF-alpha inhibitors used to treat autoimmune conditions. They are not human monoclonal antibodies against Clostridium difficile toxins. Stating that they are is factually incorrect and implies they are indicated for C. difficile, when they are not. This is a contraindication/indication error.",2.2606174365849396,1.0518526044602197,0.9998987887189564,0.9956366719542408,0.95269751351933
5cd96f33a49efeb44c000004,What is the mode of action of filgotinib?,,['JAK1 inhibitor'],inhibition of IL-17A,0.0,False,Factuality,Factuality_Other,"The incorrect answer states that filgotinib inhibits IL-17A. However, filgotinib is a JAK1 inhibitor. This is a factual error based on external medical knowledge.

I considered the following Factuality subtypes:
*   A1_DosageAdministration: Not applicable, as the error is not related to dosage or administration.
*   A2_ContraindicationIndication: Not applicable, as the error is not related to contraindications or indications.
*   A3_DiagnosticCriteriaDefinition: Not applicable, as the error is not related to diagnostic criteria or definitions.
*   B1_StatisticalEpidemiological: Not applicable, as the error is not related to statistics or epidemiology.
*   B2_FabricatedEntityGuideline: Not applicable, as the error is not related to fabricated entities or guidelines.

Since none of the specific A/B codes apply, I selected Factuality_Other.",1.4686832027167618,0.7905423485874545,0.999999999998978,0.8220392661178044,0.9101550624188538
51766e438ed59a060a000031,Name the factors required for selenoprotein synthesis in eukaryotes,,"['eFSec', 'SBP2', 'SECp43', 'PSTK', 'Sec synthase', 'SPS2', 'tRNASec', 'SECIS element', '(L30)', 'SPS1']",selenoprotein synthesis is dependent on the presence of selenocysteine,0.0,False,Faithfulness,B1_ExtrapolationAddition,"The question asks for the factors *required* for selenoprotein synthesis. The answer states that selenoprotein synthesis is *dependent* on selenocysteine. While selenocysteine is indeed crucial for selenoprotein synthesis, the question asks for the specific factors involved in the *process* of synthesis, not just a general dependency. The answer adds a detail that is not directly requested by the question, and goes beyond the scope of the question.",2.1968365087859087,1.3126648765438644,0.9999999999999826,0.9817019870334555,0.9501567725873222
532f0b2cd6d3ac6a3400002c,Which are the musculoskeletal manifestations of Marfan syndrome?,,"['scoliosis', 'dural ectasia', 'pectus excavatum and carinatum', 'arachnodactyly', 'otto pelvis', 'dolichostenomelia', 'ligamentous laxity']","short stature, bowing of the long bones, and aortic root dilatation",0.0,False,Factuality,A3_DiagnosticCriteriaDefinition,"The incorrect answer lists ""short stature"" and ""bowing of the long bones"" as musculoskeletal manifestations of Marfan syndrome. While aortic root dilatation is a manifestation of Marfan syndrome, it is a cardiovascular manifestation, not musculoskeletal. Short stature and bowing of the long bones are not typical musculoskeletal manifestations of Marfan syndrome. The answer misrepresents the established diagnostic criteria and manifestations of Marfan syndrome.",2.2760584078967754,1.2494585299636745,0.9999591537234468,0.9990526085541462,0.9533083045585709
56e30dd551531f7e33000016,List core circadian clock genes.,,"['CLOCK', 'BMAL1', 'Per', 'Cry', 'CKlε']","Bmal1, Clock, Per1, Per2, Per3, Cry1, Cry2, Cryptochrome 1, Cryptochrome 2, Cryptochrome 3, Cryptochrome 4, Cryptochrome 5, Cryptochrome",0.0,False,Unknown,Faithfulness_B1,"The question asks for a list of core circadian clock genes. The generated answer includes ""Cryptochrome 3, Cryptochrome 4, Cryptochrome 5,"" which are not core circadian clock genes. While Cryptochromes are involved, specifying numbers beyond 1 and 2 adds details not directly addressed or reasonably inferable from the question's scope. This constitutes an extrapolation beyond the question's implicit constraints.",2.1004191852691734,0.8190720666742898,0.999998629817514,0.9605598031669873,0.9460391604555296
53262cdcd6d3ac6a34000003,What is the definitive treatment for low pressure headache?,,['epidural blood patch'],Migraine,0.0,False,Factuality,A3_DiagnosticCriteriaDefinition,"The incorrect answer ""Migraine"" misrepresents the established medical definition and diagnostic criteria for low pressure headache. Migraine is a distinct type of headache with different underlying causes and treatments than low pressure headache, which is caused by cerebrospinal fluid leak. Therefore, stating migraine as the definitive treatment for low pressure headache is a misrepresentation of the established function/purpose of a medical concept relevant to the question.",2.200141159770492,1.4014777466654778,0.999999999996432,0.9824266003287369,0.950292481345887
5e42d1a748dab47f26000010,What is drug target for olaparib?,,['poly ADP ribose polymerase (PARP)'],DNA-dependent protein kinase,0.0,False,Factuality,A3_DiagnosticCriteriaDefinition,"The incorrect answer, ""DNA-dependent protein kinase,"" is a different protein kinase than the correct answer, ""poly ADP ribose polymerase (PARP)."" The question asks for the drug target of olaparib, and the incorrect answer misrepresents the established function/purpose of the drug target. This is a misrepresentation of a medical definition/function related to the question's topic.",1.51217899832347,0.9779543613396742,0.999949956650962,0.8315515995089646,0.913180573215886
550e866271445a662f000005,Intetumumab has been tested in clinical trials for treatment of which cancers?,,"['prostate cancer', 'melanoma', 'angiosarcoma']",Non-small cell lung cancer,0.0,False,Factuality,A2_ContraindicationIndication,"The generated answer states that intetumumab has been tested in clinical trials for non-small cell lung cancer. This is incorrect, as intetumumab has been tested for prostate cancer, melanoma, and angiosarcoma. Stating that it has been tested for non-small cell lung cancer is factually incorrect and implies that it is indicated for this cancer, which is not true. This is a misrepresentation of the indications for intetumumab.",1.8048326268799832,0.7952598950595018,0.9989511618875794,0.8952225700824188,0.9310786077817026
5327139ad6d3ac6a3400000d,Is the Prostate- Specific Antigen (PSA) test relevant only for prostate cancer?,,['no'],yes,0.0,False,Factuality,A3_DiagnosticCriteriaDefinition,"The incorrect answer states that the PSA test is only relevant for prostate cancer, which is factually incorrect. PSA tests can also be relevant for other conditions such as benign prostatic hyperplasia (BPH) or prostatitis. This misrepresents the established function/purpose of the PSA test in medical diagnosis, fitting the definition of A3_DiagnosticCriteriaDefinition.",0.3167619846406316,0.5255368441343308,0.9994664623251104,0.5691898622018718,0.7880715442328856
623e02e0f0baec9a1b000005,What is the KDEL retention signal?,,['ER retention sequence (KDEL)'],amino acid sequence,0.0,False,Factuality,A3_DiagnosticCriteriaDefinition,"The generated answer ""amino acid sequence"" is a general description of what a KDEL retention signal *is composed of*, but it fails to accurately define its *purpose* or *function* in the context of ER retention. The correct answer specifies that KDEL is an ER retention sequence, which defines its function. The incorrect answer is too broad and doesn't capture the specific medical/biological significance of the KDEL signal.",2.0983819891561826,1.6300571253735794,1.0,0.9601137907574135,0.9459490624599812
5fdb43aea43ad3127800002b,Which transcription factor regulates emergency granulopoiesis?,,"['c/EBPβ', 'c/EBPbeta']",GATA-1,0.0,False,Factuality,A3_DiagnosticCriteriaDefinition,"The incorrect answer, GATA-1, is a transcription factor involved in erythropoiesis (red blood cell production) and megakaryopoiesis (platelet production), not emergency granulopoiesis (neutrophil production). The question asks about a specific process (emergency granulopoiesis), and the answer provides a transcription factor associated with a different process. This misrepresents the established function/purpose of the transcription factor in relation to the process defined in the question.",1.9643441243170847,1.2141588846392137,0.9999999999999596,0.9307232077201516,0.9396804879509992
5a981bcffcd1d6a10c00002d,List 3 symptoms of Wernicke encephalopathy.,,"['ophthalmoplegia', 'ataxia', 'acute confusion']","confusion, ataxia, and nystagmus",0.0,False,Factuality,A3_DiagnosticCriteriaDefinition,"Nystagmus is a sign of Wernicke encephalopathy, not a symptom. Symptoms are subjective experiences reported by the patient, while signs are objective findings observed by a clinician. The model misrepresents the established medical definition of a symptom in the context of Wernicke encephalopathy.",1.9557479433329108,1.337109262795717,0.9999999908679416,0.9288383121098318,0.9392560513306792
56f96333cf1c325851000004,What kind of bonds are connecting keratin molecules?,,"['cystine disulfide bonds', 'amide bonds', 'hydrogen bonds']",covalent,0.0,False,Factuality,Factuality_Other,"The generated answer ""covalent"" is not specific enough. While disulfide bonds are a type of covalent bond, the correct answer requires specifying the type of covalent bond (disulfide) and also mentioning other types of bonds (amide and hydrogen). The answer is not entirely wrong, but it is incomplete and misleading in the context of the question.

*   A1_DosageAdministration: Not applicable, as the question is not about dosage or administration.
*   A2_ContraindicationIndication: Not applicable, as the question is not about contraindications or indications.
*   A3_DiagnosticCriteriaDefinition: Not applicable, as the question is not about diagnostic criteria or definitions.
*   B1_StatisticalEpidemiological: Not applicable, as the question is not about statistics or epidemiology.
*   B2_FabricatedEntityGuideline: Not applicable, as the question does not involve fabricated entities or guidelines.

Therefore, none of the specific A/B codes apply, and Factuality_Other is the most appropriate choice.",1.622451875288381,1.1997153753207788,0.9999998811360992,0.8557561787149006,0.9204910708746245
56cf4b623975bb303a00000a,List the neurotransmitters that are metabolized by MAOA.,,"['serotonin', 'norepinephrine', 'dopamine']","serotonin, dopamine, norepinephrine, histamine, and acetylcholine",0.0,False,Factuality,Factuality_Other,"The question asks for neurotransmitters metabolized by MAOA. The generated answer includes serotonin, dopamine, and norepinephrine, which are correct. However, it also includes histamine and acetylcholine, which are not primarily metabolized by MAOA. This is a factual error, but it doesn't fit neatly into A1-B2. A1-DosageAdministration, A2-ContraindicationIndication, and A3-DiagnosticCriteriaDefinition are not applicable as the error is not related to dosage, contraindications, or diagnostic criteria. B1-StatisticalEpidemiological and B2-FabricatedEntityGuideline are also not applicable as the error is not related to statistics or fabricated entities/guidelines. Therefore, Factuality_Other is the most appropriate classification.",1.4010888614691788,0.46024290326920914,0.9999998121129916,0.8072177103290659,0.905238962057126
593ff22b70f9fc6f0f000023,How many Groucho-related genes (GRG) are contained in the mouse genome?,,"['four', '4']",10,0.0,False,Factuality,B1_StatisticalEpidemiological,"The incorrect answer provides a numerical value (10) for the number of Groucho-related genes in the mouse genome. This is a fabricated statistic or epidemiological fact related to the question's topic, as the correct answer is 4.",2.273008433270855,1.2414618482192359,0.999907159343935,0.9983578404967991,0.9531814153088004
601ff55a1cb411341a000077,What are the five traits associated with metabolic syndrome?,,"['obesity', 'insulin resistance', 'dyslipidemia', 'hypertension', 'hyperglycemia']","obesity, hypertension, dyslipidemia, insulin resistance, and hyperglycemia",0.0,False,Other/Unclear,Other/Unclear,The generated answer is identical to the correct answer. There is no error.,1.2620784167781114,0.4714500763842372,0.9999897233671,0.7767317414841055,0.8943633794401074
5c72a9147c78d6947100006e,Which drugs are included in the Lonsurf pill?,,"['trifluridine', 'tipiracil']",Lansoprazole,0.0,False,Factuality,Factuality_Other,"The generated answer ""Lansoprazole"" is incorrect. The Lonsurf pill contains trifluridine and tipiracil. This is a factual error.

A1_DosageAdministration: Not applicable, as the answer is not related to dosage or administration.
A2_ContraindicationIndication: Not applicable, as the answer is not related to contraindications or indications.
A3_DiagnosticCriteriaDefinition: Not applicable, as the answer is not related to diagnostic criteria or definitions.
B1_StatisticalEpidemiological: Not applicable, as the answer is not related to statistics or epidemiology.
B2_FabricatedEntityGuideline: Not applicable, as the answer is not related to fabricated entities or guidelines.

Therefore, Factuality_Other is the most appropriate choice.",2.2303823185297293,1.2273424835022952,0.9999999822033137,0.9890575929681471,0.9515181953128884
58a45d6060087bc10a00001d,Which diseases are involved in the severe cutaneous reactions (SCAR) spectrum?,,"['Stevens-Johnson syndrome', 'Toxic epidermal necrolysis', 'Acute generalized exanthematous pustulosis']","erythema multiforme, Stevens-Johnson syndrome, toxic epidermal necrolysis, and drug-induced lupus erythematosus",0.0,False,Factuality,A3_DiagnosticCriteriaDefinition,The question asks about diseases involved in the SCAR spectrum. Drug-induced lupus erythematosus is not considered part of the SCAR spectrum. This is a misrepresentation of the established medical definition/criteria for SCAR.,2.096032954736234,0.7286022879648469,0.999999999989232,0.9595987162149968,0.9458446873045449
5e361c8792b3349b55000001,What is dystopia canthorum?,,['a prominent broad nasal root with increased intercanthal distance.'],a type of cantharidin,0.0,False,Factuality,Factuality_Other,"The generated answer defines dystopia canthorum as ""a type of cantharidin."" This is factually incorrect. Dystopia canthorum is a medical condition characterized by increased distance between the inner corners of the eyes. Cantharidin is a toxic blistering agent.

*   A1_DosageAdministration: Not applicable, as the error is not related to dosage or administration.
*   A2_ContraindicationIndication: Not applicable, as the error is not related to contraindications or indications.
*   A3_DiagnosticCriteriaDefinition: Not applicable, as the error is not a misrepresentation of diagnostic criteria, but rather a completely incorrect definition.
*   B1_StatisticalEpidemiological: Not applicable, as the error is not related to statistics or epidemiology.
*   B2_FabricatedEntityGuideline: Not applicable, as the error is not the invention of a non-existent entity or guideline.",2.1764875586524925,1.6653465177977131,0.9999214430831828,0.9772007780581983,0.9492988948375872
61f6055b882a024a10000021,Which receptors are targeted by Tirzepatide?,,"['glucose-dependent insulinotropic polypeptide', 'glucagon-like peptide-1']",G protein-coupled receptors,0.0,False,Factuality,Factuality_Other,"The generated answer ""G protein-coupled receptors"" is factually incorrect in the context of the question. While Tirzepatide does act on G protein-coupled receptors, the question asks for *which* receptors are targeted, implying the specific names of the receptors. The correct answer includes the names of the receptors (glucose-dependent insulinotropic polypeptide and glucagon-like peptide-1).

*   A1_DosageAdministration: Not applicable, as the question is not about dosage or administration.
*   A2_ContraindicationIndication: Not applicable, as the question is not about contraindications or indications.
*   A3_DiagnosticCriteriaDefinition: Not applicable, as the question is not about diagnostic criteria or definitions.
*   B1_StatisticalEpidemiological: Not applicable, as the question is not about statistics or epidemiology.
*   B2_FabricatedEntityGuideline: Not applicable, as the answer does not fabricate an entity or guideline.

The error is a factual one, but it doesn't fit neatly into any of the A/B subtypes. It's more of a general factual inaccuracy regarding the specific receptors targeted by Tirzepatide.",1.9136165196051282,1.0354270556291048,0.99964368263047,0.9194219647174338,0.9370548002459343
5e36d5b9b5b409ea53000009,Which algorithm has been developed for detecting expansions of tandem repeats?,,['ExpansionHunter'],Tandem Repeat Finder,0.0,False,Factuality,Factuality_Other,"The answer ""Tandem Repeat Finder"" is an actual algorithm used in bioinformatics. However, it is not specifically designed or primarily known for detecting *expansions* of tandem repeats, which is the focus of the question. ExpansionHunter is the algorithm specifically developed for that purpose. Therefore, the error is factual, but doesn't fit neatly into A1-B2.

*   A1_DosageAdministration: Not applicable, as this relates to dosages.
*   A2_ContraindicationIndication: Not applicable, as this relates to safety or indications.
*   A3_DiagnosticCriteriaDefinition: Not applicable, as this relates to definitions or criteria.
*   B1_StatisticalEpidemiological: Not applicable, as this relates to statistics.
*   B2_FabricatedEntityGuideline: Not applicable, as the algorithm exists.",0.9517940435614969,1.9283427951236565,0.9999999954887036,0.7087005907090267,0.8660810637646972
6278c73756bf9aee6f00000b,Which are the components that evaluate druglikeness?,,"['No more than 5 hydrogen bond donors', 'No more than 10 hydrogen bond acceptors', 'A molecular mass less than 500 daltons', 'An octanol-water partition coefficient (log P) that does not exceed 5']","molecular weight, lipophilicity, hydrogen bond donors, hydrogen bond acceptors, polar surface area, molecular weight, logP, logP, logP, logP, logP, logP, logP,",0.0,False,Factuality,A3_DiagnosticCriteriaDefinition,"The question asks about components that evaluate druglikeness, which are essentially criteria or definitions used to assess if a compound is likely to be an orally active drug. The generated answer includes ""polar surface area"" which is a component, but it also includes duplicates and lists properties like ""molecular weight"" and ""lipophilicity"" without the specific, established cutoffs or definitions (e.g., molecular weight < 500 daltons, logP < 5) that define druglikeness according to Lipinski's Rule of Five. Therefore, the answer misrepresents the established criteria/definitions for druglikeness.",2.1204338518489894,1.0541878011573877,0.9155076765085146,0.9227019069025045,0.9281214894595052
5e669e0e1af46fc130000019,What is the chromosomal abnormality associated with Klinefelter Syndrome,,['XXY'],"47,XXY",0.0,False,Factuality,A3_DiagnosticCriteriaDefinition,"The answer ""47,XXY"" is a more complete description of the chromosomal abnormality in Klinefelter Syndrome than just ""XXY"". While ""XXY"" is the core abnormality, ""47,XXY"" specifies the total number of chromosomes (47) and the sex chromosomes present. The question asks for the chromosomal abnormality, and the generated answer provides a more precise and complete definition of that abnormality, including the total chromosome count. While not strictly incorrect, it's a more detailed definition than necessary and could be considered a misrepresentation of the core abnormality in the context of a simple identification question.",0.6402505436594665,0.48988711200654506,0.9999943592737512,0.6403853959162873,0.8314903324092511
52e0c9a298d0239505000010,Which histone modifications are associated with constitutive heterochromatin?,,"['H3K9Me1', 'H3K27me1', 'H3K27me2', 'H4K20me3', 'H3K79me3', 'H3S10']",H3K9me3,0.0,False,Factuality,A3_DiagnosticCriteriaDefinition,"The incorrect answer, H3K9me3, is associated with facultative heterochromatin, not constitutive heterochromatin as requested by the question. The answer misrepresents the established function/purpose of a histone modification in relation to heterochromatin type.",1.3324064343185107,0.4062158108005921,0.9999999951727724,0.792157754606718,0.8999985283609975
5165932e298dcd4e51000059,Which are the DNA (cytosine-5-)-methyltransferases inhibitors?,,"['5-azacytidine', '5-azadeoxycytidine', '5-azacytosine', '5-fluorodeoxycytidine', '5,6-dihydro-5-azacytosine', ""4'-thio-2'-deoxycytidine"", 'hydralazine', '2-(1H)-pyrimidinone riboside', '2-(1H)-pyrimidinone', 'procaine', 'procainamide', 'RSC133', 'Psammaplin A']",5-aza-2'-deoxycytidine (5-aza-dC) and 5-aza-2'-deoxycytidine (5-aza-dC),0.0,False,Faithfulness,Faithfulness_Other,"The answer is unfaithful to the question because it only provides two examples of DNA (cytosine-5-)-methyltransferases inhibitors when the question implies that multiple answers are possible. While not explicitly asking for a list, the question ""Which are the..."" strongly suggests multiple answers. It's not A1 because it doesn't ignore any specific entities or constraints. It's not A2 because it doesn't completely misinterpret the task, but it doesn't fully fulfill it. It's not B1 because it doesn't add irrelevant details, it just provides an incomplete answer.",1.6279414741133573,1.113967430099699,0.9999999999977948,0.8569599465940916,0.9208392388410356
603219c21cb411341a000133,What is vesiduction?,,"[""'Vesiduction' as a fourth mode of intercellular DNA transfer.""]",a process of vesicle fusion,0.0,False,Factuality,A3_DiagnosticCriteriaDefinition,"The generated answer provides an incorrect definition of ""vesiduction."" The correct answer refers to it as a mode of intercellular DNA transfer, while the generated answer defines it as ""a process of vesicle fusion,"" which misrepresents the established meaning of the term in the context of the question.",2.2727540978095995,1.003682437216,0.9999999993501498,0.9983484933271378,0.953187409704332
56c3326750c68dd41600000b,Which histone modifications are correlated with transcription elongation?,,['H3K36me3'],H3K4me3 and H3K27me3,0.0,False,Factuality,Factuality_Other,"The incorrect answer provides histone modifications that are associated with transcription initiation (H3K4me3) and gene repression (H3K27me3), not elongation. This is a factual error.

*   A1_DosageAdministration: Not applicable, as this relates to dosages.
*   A2_ContraindicationIndication: Not applicable, as this relates to safety or indication.
*   A3_DiagnosticCriteriaDefinition: Not applicable, as this relates to diagnostic criteria.
*   B1_StatisticalEpidemiological: Not applicable, as this relates to statistics.
*   B2_FabricatedEntityGuideline: Not applicable, as this relates to fabricated entities or guidelines.

Therefore, none of the specific A/B codes apply, and Factuality_Other is the most appropriate choice.",1.305841636884834,0.5506302389183215,0.99977642034141,0.7862210813769464,0.897825007495381
5e920fe42d3121100d00000f,What is the microgenderome?,,"[""The sexually dimorphic microbiome has been termed the 'microgenderome'.""]",the microbiome of the male reproductive tract,0.0,False,Factuality,A3_DiagnosticCriteriaDefinition,"The generated answer provides an incorrect definition of the term ""microgenderome."" The correct answer states it's the sexually dimorphic microbiome, while the generated answer defines it as the microbiome of the male reproductive tract. This is a misrepresentation of the established definition of a medical concept.",2.124778661327393,1.1931187203329972,0.0627000434634785,0.4972401763571719,0.3317161967578681
5c7d5fcfd774d04240000011,Where are pannexins localized?,,['In membranes'],in the plasma membrane,0.0,False,Unknown,Faithfulness_B1,"The question asks where pannexins are localized. The correct answer is ""in membranes."" The generated answer, ""in the plasma membrane,"" adds a level of specificity (plasma membrane) that is not explicitly stated or necessarily inferable from the question itself. While the plasma membrane is a type of membrane, specifying it goes beyond the scope of the question.",1.7350054770302272,1.0133918055395286,0.9999579491640536,0.8804149247805542,0.927344870740214
518cb5ab310faafe08000008,Which are the best treatment options to treat Helicobacter pylori?,,"['amoxicillin', 'metronidazole', 'claritromycin', 'Proton pump inhibithors', 'rifabutin', 'Eudragit L100']",antibiotics,0.0,False,Faithfulness,A1_ContextIgnorant,"The question asks for *specific* treatment options for Helicobacter pylori. The answer ""antibiotics"" is far too general and ignores the implicit requirement for specific drug names or treatment approaches. It fails to provide the level of detail requested by the question.",1.831593933584607,0.7357913297065277,0.9999756955874882,0.9016028214404925,0.9328008896134348
5fdb4311a43ad31278000028,Are enhancers directional in their targeting of gene promoters?,,['no'],yes,0.0,False,Factuality,Factuality_Other,"The incorrect answer contradicts the established biological knowledge that enhancers are not directional in their targeting of gene promoters. None of the specific factuality subtypes (A1-B2) apply: A1-A3 relate to medical procedures, dosages, definitions, etc., which are not relevant here. B1 relates to statistics/epidemiology, and B2 relates to fabricated entities/guidelines, neither of which are applicable.",-0.0,0.18445877283811568,0.9989899903492904,0.4994949826163724,0.7381723263068081
533ea8fcc45e133714000010,What is the name of the stem loop present in the 3' end of genes encoding for selenoproteins?,,['SECIS'],3' UTR,0.0,False,Factuality,A3_DiagnosticCriteriaDefinition,"The question asks for the name of a specific stem loop structure found in selenoprotein genes. The correct answer is SECIS. The incorrect answer, ""3' UTR,"" refers to a region of mRNA, not the specific stem loop structure (SECIS element) that defines selenoprotein genes. This is a misrepresentation of the definition/function of a specific medical/biological concept relevant to the question.",1.688786533791749,2.0614347483497113,0.999999999921718,0.8703014883735856,0.924605517613962
5a6e3155b750ff445500003f,Which R/Bioconductor package has been developed for cancer subtype identification?,,['CancerSubtypes'],coxsackievirus,0.0,False,Unknown,Factuality_B2_FabricatedEntityGuideline,"The answer ""coxsackievirus"" is a virus, not an R/Bioconductor package developed for cancer subtype identification. It's a fabricated entity in the context of the question, which asks for a specific type of software package.",1.521775432680219,1.7966092177232107,0.9998646561698802,0.8336131655583512,0.9138131861393768
5321bc309b2d7acc7e00000d,What is the target protein of the drug Idelalisib?,,"['PI3K-δ', 'phosphoinositol-3 kinase delta isoform']",B-cell maturation antigen,0.0,False,Factuality,A3_DiagnosticCriteriaDefinition,"The incorrect answer, B-cell maturation antigen, is a target protein for other drugs, but not Idelalisib. The correct answer is PI3K-δ. Therefore, the generated answer misrepresents the established function/purpose (target protein) of a medical concept (Idelalisib).",1.9244832998239878,1.1406829448738225,1.0,0.9219828948719806,0.9376887077112408
5a75ee7e83b0d9ea66000005,List symptoms of the Zieve's syndrome.,,"['jaundice', 'hyperlipidaemia', 'haemolytic anaemia']",,0.0,False,Faithfulness,Faithfulness_Other,"The model provided an empty answer. This is a failure to provide any information related to the question, but it doesn't fit neatly into the existing faithfulness categories. It's not ignoring a specific entity or constraint (A1), misinterpreting the task (A2), or adding extraneous information (B1). It's simply providing no answer at all.",2.091986010083267,1.1254736225596618,0.9999999865222418,0.9587113328955245,0.9456644201045116
5e2894109499698331000002,Which algorithm has been developed for finding conserved non-coding elements (CNEs)?,,['CNEFinder'],CAGE,0.0,False,Factuality,Factuality_Other,"The incorrect answer ""CAGE"" is not a known algorithm for finding conserved non-coding elements (CNEs). This is a factual error because it contradicts established knowledge about bioinformatics algorithms.

Here's why the other Factuality subtypes don't fit:
*   A1_DosageAdministration: Not applicable, as this relates to dosages.
*   A2_ContraindicationIndication: Not applicable, as this relates to safety or indications.
*   A3_DiagnosticCriteriaDefinition: Not applicable, as this relates to diagnostic criteria.
*   B1_StatisticalEpidemiological: Not applicable, as this relates to statistics.
*   B2_FabricatedEntityGuideline: Not applicable, as this relates to fabricated entities or guidelines.",1.9243507738506611,2.008000675588846,0.9999612615060762,0.9219344660738988,0.9376733241525312
58839d892305cd7e21000006,Which genes of the marmoset genome exhibit rapid sequence evolution?,,"['protein-coding genes related to reproduction', 'microRNA genes related to reproduction']","CYP1A1, CYP1A2, CYP1B1, CYP1B2, CYP1C1, CYP1D1, CYP1E1, CYP1E2, CYP",0.0,False,Factuality,Factuality_Other,"The generated answer lists genes (CYP1A1, CYP1A2, etc.). While these are real genes, they are not specifically known for exhibiting rapid sequence evolution in the marmoset genome, nor are they related to reproduction as indicated by the correct answer. This is a factual error because it provides incorrect information about which genes exhibit rapid sequence evolution in marmosets.

Here's why the other Factuality codes don't fit:
*   A1_DosageAdministration: Not applicable, as the question is about genes, not dosages.
*   A2_ContraindicationIndication: Not applicable, as the question is not about safety or indications.
*   A3_DiagnosticCriteriaDefinition: Not applicable, as the question is not about diagnostic criteria.
*   B1_StatisticalEpidemiological: Not applicable, as the question is not about statistics or epidemiology.
*   B2_FabricatedEntityGuideline: Not applicable, as the answer does not invent entities or guidelines, but rather misattributes properties to existing genes.

The error is a general factual inaccuracy about the properties of specific genes in marmosets, making Factuality_Other the most appropriate choice.",2.1378156136419104,1.8975616455304838,0.9999999932319766,0.9687604277558577,0.9476731385595903
530cefaaad0bf1360c000004,Is bapineuzumab effective for treatment of patients with Alzheimer's disease?,,['no'],yes,0.0,False,Factuality,A2_ContraindicationIndication,"The incorrect answer states that bapineuzumab is effective for treating Alzheimer's disease, which contradicts established medical knowledge. Bapineuzumab has not been shown to be effective and is not indicated for this purpose. This is a direct contradiction of whether a treatment is indicated or contraindicated.",0.20711261135338016,0.5013737797737121,0.9952675886898592,0.5430474729521101,0.7688937205917139
533c38b3c45e133714000009,What is an approximate number of CTCF binding sites in the human genome?,,"['30,000-50,000']",1000,0.0,False,Factuality,B1_StatisticalEpidemiological,"The answer provides an incorrect numerical estimate related to a biological entity (CTCF binding sites). This falls under statistical/epidemiological errors as it pertains to the frequency or quantity of a biological element within a population (in this case, the human genome).",2.162036148453347,1.0226045035961129,0.99999999999227,0.9740712859489166,0.9487061947687996
5a6e49a4b750ff445500004b,Is LDB1-mediated enhancer looping dependent on cohesin?,,['no'],yes,0.0,False,Factuality,Factuality_Other,"The answer contradicts established scientific knowledge about LDB1-mediated enhancer looping and its relationship with cohesin. The correct answer is ""no,"" indicating that LDB1-mediated enhancer looping is *not* dependent on cohesin. The model's ""yes"" response is factually incorrect.

*   A1_DosageAdministration: Not applicable, as the question is not about dosage or administration.
*   A2_ContraindicationIndication: Not applicable, as the question is not about contraindications or indications.
*   A3_DiagnosticCriteriaDefinition: Not applicable, as the question is not about diagnostic criteria or definitions.
*   B1_StatisticalEpidemiological: Not applicable, as the question is not about statistics or epidemiology.
*   B2_FabricatedEntityGuideline: Not applicable, as the question does not involve fabricated entities or guidelines.

Therefore, none of the specific A/B codes under Factuality apply, and Factuality_Other is the most appropriate classification.",0.19520677973126885,0.503346748650074,0.0223584332220381,0.05397019762709798,0.073774963392951
530f900ee3eabad021000003,Which hormone concentrations are altered in patients with the Allan–Herndon–Dudley syndrome?,,['Thyroid'],"serum calcium, serum phosphate, and serum 25-hydroxyvitamin D",0.0,False,Factuality,A3_DiagnosticCriteriaDefinition,"The generated answer lists serum calcium, serum phosphate, and serum 25-hydroxyvitamin D as altered hormone concentrations in Allan–Herndon–Dudley syndrome. This is incorrect. The correct answer is thyroid hormone. The error lies in misrepresenting the established diagnostic criteria or characteristics of the syndrome, specifically which hormone concentrations are affected.",2.2111635296003116,1.1271073086416015,0.9999531968218488,0.9848200814494555,0.9507342126931349
5e4b5f9a6d0a277941000021,Should Pentoxifylline be used for treatment of amyotrophic lateral sclerosis?,,['no'],yes,0.0,False,Factuality,A2_ContraindicationIndication,"The generated answer incorrectly states that Pentoxifylline *should* be used for the treatment of amyotrophic lateral sclerosis, when the correct answer is no. This is a direct contradiction of the established indication/contraindication for the drug in relation to the disease.",-0.0,0.24855923503637314,0.9992429882767722,0.4996214847258426,0.7383593407054874
56ffdc1ccf1c32585100000b,Which is the most common editing modification in eukaryotic mRNA?,,['A-to-I'],CpG methylation,0.0,False,Factuality,A3_DiagnosticCriteriaDefinition,"The incorrect answer, CpG methylation, is a DNA modification, not an mRNA modification. The question asks about mRNA editing modifications. The answer misrepresents the established definition/function of a molecular process relevant to the question.",1.8305473744536687,1.4016183407356342,0.9999999973410276,0.901385492814759,0.932749740535205
5c580fe107647bbc4b00001b,List clinical disorders or diseases where uc.189 is involved?,,"['Esophageal squamous cell carcinoma', 'Cervical squamous cell carcinomas', 'Endometrial adenocarcinomas']",,0.0,False,Factuality,B2_FabricatedEntityGuideline,"The model hallucinates the existence of ""uc.189"" as a recognized medical entity (gene, protein, biomarker, etc.) involved in clinical disorders or diseases. This is a fabrication of a non-existent medical entity, as there is no established medical knowledge or literature associating ""uc.189"" with any specific disease.",2.1946009672332236,1.1967489243211433,0.9999999975247018,0.9812117969247793,0.9500647684161094
5c55de1607647bbc4b00000a,List four features of the WHIM syndrome.,,"['Warts', 'Hypogammaglobulinemia', 'Infections', 'Myelokathexis']",Heterozygous for the WHIM syndrome,0.0,False,Faithfulness,A1_ContextIgnorant,"The question asks for four *features* of WHIM syndrome. The generated answer, ""Heterozygous for the WHIM syndrome,"" describes a *genetic state* related to the syndrome, not a feature or symptom *of* the syndrome itself. It fails to address the core request of listing observable characteristics or manifestations of the condition.",2.272857836229048,0.8716826302607916,0.9999999979069902,0.9983712394064879,0.9531914283339562
530db83b38c1322806000002,Which proteins cause cytoplasmic sequestration of NF-kB?,,"['I-kBs', 'Sef', 'NF-kB1 (p105)', 'NF-kB2 (p100)']",Bcl-2,0.0,False,Factuality,A3_DiagnosticCriteriaDefinition,"The incorrect answer, Bcl-2, is a protein involved in apoptosis and cell survival, not cytoplasmic sequestration of NF-kB. The question asks about proteins that cause cytoplasmic sequestration of NF-kB, which is a specific mechanism related to NF-kB regulation. The correct answer involves proteins like I-kBs that directly interact with and retain NF-kB in the cytoplasm. The incorrect answer misrepresents the established function/purpose of Bcl-2 in relation to NF-kB regulation, thus fitting the definition of A3_DiagnosticCriteriaDefinition.",1.7832169455706532,1.9296603509055241,0.999955124066506,0.890984877020957,0.9301145345973896
5c6aef167c78d69471000023,Which tool has been developed for GPU-accelerated alignment of bisulfite-treated DNA sequences?,,['Arioc'],Bismark,0.0,False,Unknown,Factuality_B2,"The incorrect answer ""Bismark"" is a real tool used for bisulfite sequencing analysis, but it's not specifically designed for GPU-accelerated alignment. The correct answer, ""Arioc,"" is the tool developed for GPU-accelerated alignment of bisulfite-treated DNA sequences. Therefore, the generated answer fabricates the association of Bismark with GPU acceleration, which is a factual error related to a medical entity (bioinformatics tool). This falls under the category of inventing a non-existent association or guideline related to the question's topic.",0.5824925220913828,1.3931656573961175,0.9999999108165828,0.6277235270982873,0.8243496987468913
624f0813e764a5320400000a,Please list the tests used to diagnose Allergic Rhinitis.,,"['positive methacholine challenge result or bronchodilator responsiveness', 'determination of IgE-mediated sensitization', 'Skin prick test (SPT)', 'Phadiatop', 'nasal provocation test (NPT)', 'rhinomanometry']","RAST, skin prick test, blood test, nasal challenge test",0.0,False,Factuality,A3_DiagnosticCriteriaDefinition,"The generated answer includes ""blood test"" as a test used to diagnose Allergic Rhinitis. While blood tests may be used to determine IgE levels, the presence of elevated IgE alone is not diagnostic of allergic rhinitis. The diagnosis requires a correlation between IgE sensitization and relevant clinical symptoms upon exposure to the allergen. Therefore, listing ""blood test"" as a diagnostic test for allergic rhinitis misrepresents the established diagnostic criteria.",1.6612123219874715,1.2333667440967861,0.1044433184390744,0.4164657943670337,0.2802475293149019
550899c92e93f0133a000003,Is K-63 linked protein ubiquitination related to proteasomal degradation?,,['no'],yes,0.0,False,Factuality,Factuality_Other,"The incorrect answer states that K-63 linked protein ubiquitination is related to proteasomal degradation, which contradicts established medical knowledge. This is a factual error. None of the specific A/B subtypes apply: A1-A3 relate to dosage/administration, contraindications/indications, and diagnostic criteria/definitions, respectively, which are not relevant here. B1 relates to statistics/epidemiology, and B2 relates to fabricated entities/guidelines, neither of which apply. Therefore, Factuality_Other is the most appropriate classification.",2.220446049250313e-16,0.08257712572813034,0.997486331733072,0.4987431346120507,0.7370590533482114
58a71bb960087bc10a00002d,Are Ultra-conserved elements (UCEs) enriched in segmental duplications?,,['no'],yes,0.0,False,Factuality,Factuality_Other,"The question asks about a factual relationship between Ultra-conserved elements (UCEs) and segmental duplications. The incorrect answer states ""yes"" when the correct answer is ""no"". This is a factual error because it contradicts established knowledge about the distribution of UCEs. None of the specific Factuality subtypes (A1-B2) apply: A1-A3 relate to medical procedures, definitions, or criteria, which are not relevant here. B1 relates to statistics or epidemiology, and B2 relates to fabricated entities or guidelines, neither of which are applicable. Therefore, Factuality_Other is the most appropriate classification.",0.1574086118674951,0.5180422812700272,0.9980095608989864,0.5335198599470097,0.7630382107176268
5895b7157d9090f353000009,List features of the Kaufman Oculocerebrofacial Syndrome.,,"['hypotonia', 'developmental delay', 'intellectual disability', 'low cholesterol levels', 'microcephaly', 'long narrow face', 'ocular anomalies', 'long thin hands and feet']","Hypotonia, microcephaly, micrognathia, and a broad nasal bridge.",0.0,False,Faithfulness,B1_ExtrapolationAddition,"The question asks for features of Kaufman Oculocerebrofacial Syndrome. The generated answer includes ""micrognathia"" and ""a broad nasal bridge,"" which are not listed in the correct answer. While these *could* potentially be features of the syndrome, they are not explicitly mentioned in the provided correct answer, and thus represent an addition of details beyond the scope defined by the question.",2.073889385238685,1.4759226426981016,0.9999999999999782,0.9547432791478689,0.9448513985843994
5cb39707ecadf2e73f000060,What is the results of mutations in the gene autoimmune regulator?,,['Autoimmune-polyendocrinopathy-candidiasis-ectodermal dystrophy (APECED)'],autoimmune disease,0.0,False,Factuality,A3_DiagnosticCriteriaDefinition,"The question asks about the results of mutations in the autoimmune regulator gene. The correct answer is APECED, a specific syndrome. The incorrect answer, ""autoimmune disease,"" is a much broader category. This is a misrepresentation of the established medical definition/criteria related to the question's topic, specifically the diagnostic outcome of the mutation.",2.1502745670828274,1.602249310825552,0.999999958591404,0.9714922944897096,0.9482069636426124
53357ca0d6d3ac6a3400004b,Which enzyme is inhibited by a drug fostamatinib?,,['spleen tyrosine kinase'],CYP1A1,0.0,False,Factuality,A3_DiagnosticCriteriaDefinition,"The incorrect answer, CYP1A1, is a cytochrome P450 enzyme, not a kinase. Fostamatinib inhibits spleen tyrosine kinase (SYK). The error lies in misrepresenting the established function/purpose of the drug fostamatinib, which is to inhibit SYK, not CYP1A1. This falls under misrepresenting the established function/purpose of a medical concept/method relevant to the question.",1.6483608681957118,0.6972561599469433,0.999985540322374,0.861430092414144,0.9221180068806556
55242d512c8b63434a000006,Which receptors can be evaluated with the [18F]altanserin?,,['5-HT2A'],serotonin receptors,0.0,False,Factuality,A3_DiagnosticCriteriaDefinition,"The question asks which receptors can be evaluated with [18F]altanserin. The correct answer is the 5-HT2A receptor. The incorrect answer states ""serotonin receptors"". While 5-HT2A is a type of serotonin receptor, the answer is too broad. [18F]altanserin is a radioligand that selectively binds to the 5-HT2A receptor. Saying it can evaluate ""serotonin receptors"" is inaccurate because it doesn't bind to all serotonin receptors. This is a misrepresentation of the established function/purpose of a medical concept/method (using [18F]altanserin to evaluate receptors).",1.9414923212784756,0.7523410932471805,0.9982581880841556,0.9248415481332632,0.9381605791031852
58adc1ff9ef3c34033000006,Which protein mediates gene loop formation in the yeast S. cerevisiae?,,['TFIIB'],SWI/SNF,0.0,False,Factuality,Factuality_Other,"The incorrect answer, SWI/SNF, is a chromatin remodeling complex, not the protein that mediates gene loop formation in yeast. The correct answer is TFIIB. This is a factual error because it contradicts established knowledge about the specific protein responsible for gene loop formation in S. cerevisiae.

*   A1_DosageAdministration: Not applicable, as this is not related to dosage or administration.
*   A2_ContraindicationIndication: Not applicable, as this is not related to contraindications or indications.
*   A3_DiagnosticCriteriaDefinition: Not applicable, as this is not related to diagnostic criteria or definitions.
*   B1_StatisticalEpidemiological: Not applicable, as this is not related to statistics or epidemiology.
*   B2_FabricatedEntityGuideline: Not applicable, as this is not a fabricated entity or guideline.

Therefore, Factuality_Other is the most appropriate classification.",2.0721538049396626,2.0466581014792125,1.0,0.9543627171555096,0.9447728251745277
5e46eb7a3f5415952900000d,Which disease is rated using the Fahn-Tolosa-Marin scale?,,['essential tremor'],Parkinson's disease,0.0,False,Factuality,A3_DiagnosticCriteriaDefinition,"The Fahn-Tolosa-Marin scale is a rating scale specifically used for essential tremor, not Parkinson's disease. The incorrect answer misrepresents the established purpose/function of the Fahn-Tolosa-Marin scale, which is a diagnostic tool.",0.7091140770147797,0.8235849502682685,0.9999346198601252,0.6554552840143674,0.8396718299470165
571f2b5bbb137a4b0c000010,Which genes have been associated with Cerebral Cavernous Malformation?,,"['CCM1/KRIT1', 'CCM2/OSM/Malcavernin', 'CCM3/PDCD10']","CCM1, CCM2, CCM3, CCM4, CCM5, CCM6, CCM7, CCM8, CCM9, CCM10, CCM11, CCM12",0.0,False,Factuality,B2_FabricatedEntityGuideline,"The answer invents non-existent genes (CCM4-CCM12) associated with Cerebral Cavernous Malformation. These are not real genes associated with the condition, thus it is a fabricated entity.",2.146757309107416,1.298604055688601,0.999997796088977,0.9707199814203987,0.9480563752614352
58e7902b3e8b6dc87c000007,Which is the most common gene signature in Rheumatoid Arthritis patients?,,"['Interferon signature', 'IFN signature']",IL-17A,0.0,False,Factuality,A3_DiagnosticCriteriaDefinition,"The incorrect answer ""IL-17A"" misrepresents the established understanding of the most common gene signature in Rheumatoid Arthritis patients. The correct answer is the Interferon signature. IL-17A is involved in the pathogenesis of RA, but it is not the *most common gene signature*. This is a misrepresentation of a key diagnostic/disease characteristic.",1.5368927819086238,1.7149825650826098,0.9999999994976044,0.836995631395466,0.914881664858612
588f2de394c1512c50000001,Which R package is used for visualization of linear and circular karyotypes?,,['chromDraw'],karyogram,0.0,False,Factuality,Factuality_Other,"The incorrect answer ""karyogram"" is not a valid R package for visualization of linear and circular karyotypes. This is a factual error based on external knowledge about R packages.

*   A1_DosageAdministration: Not applicable, as this is not related to dosage or administration.
*   A2_ContraindicationIndication: Not applicable, as this is not related to contraindications or indications.
*   A3_DiagnosticCriteriaDefinition: Not applicable, as this is not related to diagnostic criteria or definitions.
*   B1_StatisticalEpidemiological: Not applicable, as this is not related to statistics or epidemiology.
*   B2_FabricatedEntityGuideline: Not applicable, as the answer is an existing entity (though incorrect in this context), not a fabricated one.",1.0661373476949896,1.6117178461203974,0.9999128487077364,0.7337291581921922,0.877147244401233
5c928958ecadf2e73f000017,List the four advances integrated into the SHERLOCKv2 platform.,,"['four-channel single-reaction multiplexing with orthogonal CRISPR enzymes', 'quantitative measurement of input as low as 2 attomolar', '3.5-fold increase in signal sensitivity by combining Cas13 with Csm6, an auxiliary CRISPR-associated enzyme', 'lateral-flow readout']","1. The SHERLOCKv2 platform is a fully integrated, open-source, and modular platform for the development of next-generation sequencing (NGS) based assays. 2. The SHERLOCKv2 platform is",0.0,False,Faithfulness,Faithfulness_Other,"The generated answer does not list the four advances integrated into the SHERLOCKv2 platform as requested by the question. Instead, it provides a description of the platform, which is not what the question asked for.

*   A1_ContextIgnorant (Question-Based): While the answer is about the SHERLOCKv2 platform, it doesn't address the specific request to list the four advances. It's not ignoring a specific entity *within* the question, but rather the entire task.
*   A2_InstructionMisinterpretation: This is the closest fit, as the answer fails to follow the instruction to ""list."" However, it doesn't just misinterpret the format; it completely changes the task to describing the platform.
*   B1_ExtrapolationAddition (Question-Based): The answer doesn't add details beyond the question's scope; it simply answers a different question.

Therefore, since none of the specific A/B codes accurately capture the error, Faithfulness_Other is the most appropriate choice.",2.248588710635426,1.3360024375972372,0.9999997735871796,0.9930496178937539,0.9522422010693108
52e62bae98d0239505000015,What is the life expectancy of professional athletes in respect to the general population?,,"['longer than the general population', 'No clear results indicating improved life expectancy in professional athletes']",100 years,0.0,False,Factuality,B1_StatisticalEpidemiological,"The generated answer ""100 years"" fabricates a statistic about the life expectancy of professional athletes, which is not supported by evidence and contradicts the reference answer. This falls under misstating statistical information related to the question's topic.",2.086784361181121,1.1660221328763734,0.9999856249051372,0.9575635824568328,0.9454290559809412
5a888b56d543831129000002,What induces Arabidopsis ROF1 expression?,,"['Wounding', 'Elevated NaCl levels', 'Heat']",Arabidopsis ROF1 is induced by the Arabidopsis thaliana homolog of the yeast Rho1p GTPase.,0.0,False,Factuality,Factuality_Other,"The incorrect answer states that Arabidopsis ROF1 is induced by the Arabidopsis thaliana homolog of the yeast Rho1p GTPase. This is factually incorrect based on the reference answer, which states that Arabidopsis ROF1 expression is induced by wounding, elevated NaCl levels, and heat.

*   A1_DosageAdministration: Not applicable, as the answer doesn't involve dosage or administration.
*   A2_ContraindicationIndication: Not applicable, as the answer doesn't involve contraindications or indications.
*   A3_DiagnosticCriteriaDefinition: Not applicable, as the answer doesn't involve diagnostic criteria or definitions.
*   B1_StatisticalEpidemiological: Not applicable, as the answer doesn't involve statistics or epidemiology.
*   B2_FabricatedEntityGuideline: Not applicable, as the answer doesn't involve fabricated entities or guidelines.

Therefore, since none of the specific A/B codes apply, Factuality_Other is the most appropriate classification.",2.149622609588798,1.57328490812466,0.9999999498117006,0.9713493348916213,0.9481791555316614
58917c88621ea6ff7e00000a,Where can you find the annulus of Zinn?,,"['orbit', 'EYE']",the spinal canal,0.0,False,Factuality,A3_DiagnosticCriteriaDefinition,"The annulus of Zinn is an anatomical structure related to the eye and orbit, not the spinal canal. Stating it's found in the spinal canal misrepresents the established anatomical location and definition of the annulus of Zinn. This falls under misrepresenting the established function/purpose of a medical concept (anatomical location).",1.9543923971149826,1.331875058562988,0.4784262452580349,0.6677477225188913,0.6774283499974767
5709ee36cf1c32585100001e,Which syndrome is associated with mutant DVL1?,,['Robinow syndrome'],Wnt-1,0.0,False,Factuality,A3_DiagnosticCriteriaDefinition,"The answer ""Wnt-1"" is incorrect. DVL1 mutations are associated with Robinow syndrome, not Wnt-1. This is a misrepresentation of the established association between a gene mutation (DVL1) and a specific syndrome (Robinow syndrome). This falls under misrepresenting the established function/purpose of a medical concept (genetic association with a syndrome).",2.0371676834614263,1.017611504686085,0.9999722164359238,0.9466773919617588,0.9431605878151286
58ce5c7c1f5fb2b734000001,List metalloenzyme inhibitors.,,"['VT-1129', 'VT-1161', 'BB-3497', 'hydroxamate molecules', 'siderophores', 'Foscarnet']",CYP17A1,0.0,False,Factuality,Factuality_Other,"CYP17A1 is an enzyme, not an inhibitor. This is a factual error. It is not a dosage/administration error (A1), a contraindication/indication error (A2), or a diagnostic criteria/definition error (A3). It is not a statistical/epidemiological error (B1) or a fabricated entity/guideline (B2). Therefore, Factuality_Other is the most appropriate classification.",2.1669537323980124,1.14090870863005,0.9999840910915728,0.9751416136162964,0.9489106203438844
530cf22aa177c6630c000004,What is the main role of Ctf4 in dna replication?,,['Coordination of the progression of helicase and DNA polymerase alpha at the eukaryotic replication fork.'],Ctf4 is a component of the replisome and is involved in the initiation of DNA replication.,0.0,False,Factuality,A3_DiagnosticCriteriaDefinition,"The incorrect answer states that Ctf4 is involved in the *initiation* of DNA replication. However, the correct answer indicates that Ctf4's main role is in the *coordination of the progression* of helicase and DNA polymerase alpha at the replication fork. This is a misrepresentation of the established function/purpose of Ctf4 in DNA replication, which falls under A3_DiagnosticCriteriaDefinition.",2.273504219115063,1.3841892797640787,1.0,0.9985129733126706,0.9532164624831848
60322d811cb411341a000138,Which are the main functions of the annexin family?,,"['membrane organization and membrane transport events', 'membrane-guiding auxiliary proteins or modulators of channel activity', 'extracellular autocrine modulators of receptor function']",Ca2+ binding,0.0,False,Faithfulness,B1_ExtrapolationAddition,"The question asks for the *main functions* of the annexin family. While Ca2+ binding is a property of annexins, it is not a main function in the context of the question. The answer adds a detail that is not a main function as requested by the question.",2.0636419555392616,1.1767163198650914,0.99993712082146,0.952464877189765,0.9443733124787244
5c72c9207c78d6947100007b,Which methods are used for genome segmentation of gene expression data?,,"['Reversible Jump Markov Chain Monte Carlo', 'Markov Models', 'combinatorial genome segmentation']",clustering and principal component analysis,0.0,False,Factuality,Factuality_Other,"The answer provides methods (clustering and principal component analysis) that are not typically used for genome segmentation of gene expression data. This is a factual error.

*   A1_DosageAdministration: Not applicable.
*   A2_ContraindicationIndication: Not applicable.
*   A3_DiagnosticCriteriaDefinition: Not applicable.
*   B1_StatisticalEpidemiological: Not applicable.
*   B2_FabricatedEntityGuideline: Not applicable.

The error is a general factual inaccuracy regarding methods used for genome segmentation, and doesn't fit into any of the specific A/B factuality error subtypes.",2.104037092863405,1.2299264172035635,0.9999318659622972,0.9613197217177789,0.9461862895400284
53398855d6d3ac6a3400005b,What histone modification is recognized by the bromodomain?,,['Acetylated lysines'],H3K4me3,0.0,False,Factuality,A3_DiagnosticCriteriaDefinition,"The bromodomain recognizes acetylated lysines, not H3K4me3 (trimethylation of lysine 4 on histone H3). H3K4me3 is a histone modification recognized by other domains, but the answer misrepresents the established function/purpose of the bromodomain.",0.8658252440299972,0.5054723150407275,0.9999485757078636,0.6898244371027812,0.8571607080056369
5a9931cd1d1251d03b00000d,Does SARM1 deletion cause neurodegeneration?,,['no'],yes,0.0,False,Factuality,Factuality_Other,"The incorrect answer states ""yes"" when the correct answer is ""no"". This is a factual error because it contradicts established medical knowledge about the effect of SARM1 deletion on neurodegeneration. None of the specific factuality subtypes (A1-B2) apply: A1-A3 relate to specific medical procedures, definitions, or criteria, which are not relevant here. B1 relates to statistics or risk factors, and B2 relates to fabricated entities or guidelines, neither of which are applicable. Therefore, Factuality_Other is the most appropriate classification.",0.17455530004823086,0.509633319079876,0.000421601176393,0.03847324342469208,0.0671104504857472
602356b81cb411341a000099,Tofersen has been developed for treatment of which disease?,,['amyotrophic lateral sclerosis'],Crohn's disease,0.0,False,Factuality,A3_DiagnosticCriteriaDefinition,"The incorrect answer states that Tofersen is used to treat Crohn's disease, which is factually incorrect. Tofersen is a treatment for amyotrophic lateral sclerosis (ALS). This is a misrepresentation of the established purpose/function of Tofersen, which falls under A3_DiagnosticCriteriaDefinition.",2.255588960662124,1.0425764466310659,0.999896949673124,0.9945331547257982,0.9525000548233892
56bdfa73ef6e394741000003,List symptoms of Hakim Triad.,,"['dementia', 'gait disturbances', 'urinary incontinence']",1. Fever 2. Cough 3. Sputum,0.0,False,Factuality,A3_DiagnosticCriteriaDefinition,"The generated answer lists fever, cough, and sputum as symptoms of Hakim Triad. This is incorrect. The Hakim Triad consists of dementia, gait disturbances, and urinary incontinence. The generated answer misrepresents the established medical definition/criteria of Hakim Triad.",1.9126104275925706,1.0527184342506568,0.9999999999998724,0.9193795212832154,0.9370836691579972
58add7699ef3c34033000009,Which proteins does the yeast Cleavage and Polyadenylation Complex contain?,,"['Nrd1', 'Rap1', 'Trf4', 'Rrp6', 'Ssu72', 'PAP', 'Cstf64', 'Pcf11']","CPSF30, CPSF60, CPSF70, CPSF80",0.0,False,Factuality,Factuality_Other,"The generated answer lists proteins that are part of the mammalian Cleavage and Polyadenylation Specificity Factor (CPSF) complex, not the yeast Cleavage and Polyadenylation Complex. This is a factual error.

*   A1_DosageAdministration: Not applicable, as this is about protein names, not dosages.
*   A2_ContraindicationIndication: Not applicable, as this is about protein names, not contraindications or indications.
*   A3_DiagnosticCriteriaDefinition: Not applicable, as this is about protein names, not diagnostic criteria.
*   B1_StatisticalEpidemiological: Not applicable, as this is about protein names, not statistics.
*   B2_FabricatedEntityGuideline: Not applicable, as the listed proteins exist, but are part of a different complex in a different organism.",2.1311104804271244,1.5661694070748389,0.9999999999959956,0.9672901915548193,0.9473836958758816
55203ae78e534a4535000001,In which condition was protein S100A7 originally identified?,,['psoriasis'],Alzheimer's disease,0.0,False,Factuality,A3_DiagnosticCriteriaDefinition,"The incorrect answer states that protein S100A7 was originally identified in Alzheimer's disease, which is factually incorrect. The correct answer is psoriasis. This is a misrepresentation of the established association of a protein with a specific disease, which falls under the definition of misrepresenting the established function/purpose of a medical concept (protein S100A7) relevant to the question.",1.9035542459790034,0.6344842618248528,0.999656970080774,0.9172222463316839,0.9365405431450332
5139b31dbee46bd34c000004,Which is the most widely used model for the study of multiple sclerosis (MS)?,,['Experimental autoimmune encephalomyelitis (EAE)'],the multiple sclerosis model,0.0,False,Faithfulness,A1_ContextIgnorant,"The question asks for the most widely used *model* for the study of multiple sclerosis. The generated answer, ""the multiple sclerosis model,"" is not a specific model but rather a restatement of the disease itself. It fails to identify the specific model (EAE) and thus ignores the core request of the question.",1.9734888751244606,1.3301695984013489,0.9999996020260166,0.9327281850885214,0.9401288748193058
5ab144fefcf4565872000012,The TRPM2 gene is associated with development of spontaneous thromboembolism?,,['no'],yes,0.0,False,Factuality,Factuality_Other,"The incorrect answer states that the TRPM2 gene is associated with the development of spontaneous thromboembolism, which is a factual error. There is no established medical knowledge that supports this association.

*   A1_DosageAdministration: Not applicable, as the question is not about dosage or administration.
*   A2_ContraindicationIndication: Not applicable, as the question is not about contraindications or indications.
*   A3_DiagnosticCriteriaDefinition: Not applicable, as the question is not about diagnostic criteria or definitions.
*   B1_StatisticalEpidemiological: Not applicable, as the question is not about statistics or epidemiology.
*   B2_FabricatedEntityGuideline: Not applicable, as the question does not involve fabricated entities or guidelines.

Therefore, Factuality_Other is the most appropriate classification.",0.08996110254814432,0.8125916421413422,0.9990186771157576,0.5192351647060521,0.7530059097191901
5c6d6b377c78d69471000039,Which web-based pedigree editors are available?,,"['Pedigreejs', 'Madeline 2.0 Pedigree Drawing Engine (PDE)']",Pedigree Viewer,0.0,False,Factuality,Factuality_Other,"""Pedigree Viewer"" is not a web-based pedigree editor. This is a factual error, as it misrepresents the function of the entity. It doesn't fit A1-B2 because it's not related to dosage, contraindications, diagnostic criteria, statistics, or fabricated guidelines. It's simply a misidentification of a tool's function.",1.3413700001056876,2.346305107491754,0.9999999999994432,0.79412320480529,0.9006967924535658
5c97a08becadf2e73f000029,"Velocardial facial syndrome, otherwise known as Di George syndrome  is caused by a deletion in chromosome 21, yes or no?",,['no'],yes,0.0,False,Factuality,A3_DiagnosticCriteriaDefinition,"The question asks about the cause of DiGeorge syndrome. The incorrect answer states it's caused by a deletion in chromosome 21, which is factually incorrect. DiGeorge syndrome is caused by a deletion in chromosome 22, specifically 22q11.2. This is a misrepresentation of the established medical definition/criteria for the cause of DiGeorge syndrome.",-0.0,0.9822130918502807,0.9995822069149868,0.4997910982627316,0.7386099535056987
51bdd9c2047fa84d1d000002,Which is the receptor for substrates of Chaperone Mediated Autophagy?,,"['LAMP2A', 'Lysosome-associated membrane protein 2 isoform A']",Hsc70,0.0,False,Factuality,Factuality_Other,"The incorrect answer, Hsc70, is a chaperone protein involved in the process of chaperone-mediated autophagy (CMA), but it is not the receptor for the substrates. The receptor is LAMP2A. This is a factual error based on established medical knowledge.

*   A1_DosageAdministration: Not applicable. This category is for errors related to dosage or administration of medications.
*   A2_ContraindicationIndication: Not applicable. This category is for errors related to contraindications or indications of treatments.
*   A3_DiagnosticCriteriaDefinition: Not applicable. This category is for errors related to diagnostic criteria or definitions.
*   B1_StatisticalEpidemiological: Not applicable. This category is for errors related to statistics or epidemiology.
*   B2_FabricatedEntityGuideline: Not applicable. This category is for fabricated entities or guidelines.

Therefore, Factuality_Other is the most appropriate classification.",2.0013615623763616,1.2284243849111776,1.0,0.9388400490949068,0.9414766893287492
58da5dc58acda34529000016,List the types of the Cardiorenal syndrome (CRS) according to the five-part classification system.,,"['CRS type 1', 'CRS type 2', 'CRS type 3', 'CRS type 4', 'CRS type 5']",1. CRS-1: acute kidney injury (AKI) and acute heart failure (AHF) 2. CRS-2: AKI and AHF 3. CRS-3: AKI,0.0,False,Factuality,A3_DiagnosticCriteriaDefinition,"The generated answer incorrectly lists the types of cardiorenal syndrome (CRS) and their definitions. It inaccurately states that CRS-1 and CRS-2 both involve acute kidney injury (AKI) and acute heart failure (AHF), and that CRS-3 involves AKI. This misrepresents the established medical definitions and classifications of the different CRS types.",2.154839211045219,0.9490294413031206,0.9999999624394392,0.9724931893149948,0.9484012549733972
58a5add260087bc10a000022,Does NADPH oxidase 5 require any subunit for function?,,['no'],Yes,0.0,False,Factuality,Factuality_Other,"The answer contradicts the established medical knowledge that NADPH oxidase 5 does not require any subunit for function. This is a factual error. However, it doesn't fit into the specific subtypes A1-B2. It's not about dosage/administration (A1), contraindication/indication (A2), diagnostic criteria (A3), statistical/epidemiological data (B1), or fabricated entities/guidelines (B2). Therefore, Factuality_Other is the most appropriate classification.",0.7346894189165741,0.9726044307652874,0.9997481198796868,0.6609699560837217,0.8425440943218613
5e2a1096aa19d7443100000e,What kind of molecule is AZD8601?,,['mRNA'],a small molecule,0.0,False,Factuality,A3_DiagnosticCriteriaDefinition,"The incorrect answer misrepresents the established definition/classification of AZD8601. AZD8601 is an mRNA molecule, not a small molecule. This is a factual error related to the definition/classification of a medical entity.",2.2448245797803983,1.5143958953354093,0.999997781206266,0.9922232578860575,0.9520930064036728
60274ec61cb411341a0000e5,Which drugs are included in the VAC regiment for Ewing's sarcoma?,,"['vincristine', 'actinomycin', 'cyclophosphamide']","Estramustine phosphate sodium, carboplatin, and etoposide",0.0,False,Factuality,Factuality_Other,"The generated answer lists drugs that are not part of the VAC regimen for Ewing's sarcoma. This is a factual error, but it doesn't fit neatly into A1-B2. A1 (DosageAdministration) is irrelevant as it's not about dosage. A2 (ContraindicationIndication) is also irrelevant as it's not about whether the drugs are safe or indicated. A3 (DiagnosticCriteriaDefinition) is not applicable. B1 (StatisticalEpidemiological) and B2 (FabricatedEntityGuideline) are also not applicable. Therefore, Factuality_Other is the most appropriate classification.",2.1458517572154228,0.7527667384121304,0.9999869600532588,0.9705160022260582,0.948015600007696
54f35ad864850a5854000004,LY450139 is investigational name of which drug?,,['semagacestat'],LY2140023,0.0,False,Factuality,Factuality_Other,"The incorrect answer provides an investigational name (LY2140023) that is not associated with the correct drug (semagacestat). This is a factual error, as it provides an incorrect association based on external knowledge.

*   A1_DosageAdministration: Not applicable, as the question is about drug identification, not dosage.
*   A2_ContraindicationIndication: Not applicable, as the question is not about contraindications or indications.
*   A3_DiagnosticCriteriaDefinition: Not applicable, as the question is not about diagnostic criteria.
*   B1_StatisticalEpidemiological: Not applicable, as the question is not about statistics or epidemiology.
*   B2_FabricatedEntityGuideline: Not applicable, as the error is not about fabricating an entity or guideline, but rather providing an incorrect association between an investigational name and a drug.",2.228798552852565,1.1688794023440117,0.4670659469333477,0.7222366754436443,0.7184470509717322
56b7083376d8bf8d13000001,"What is the causative agent of the ""Panama disease"" affecting bananas?",,['Fusarium oxysporum f. sp. cubense'],Xanthomonas axonopodis pv. axonopodis,0.0,False,Factuality,A3_DiagnosticCriteriaDefinition,"The incorrect answer, *Xanthomonas axonopodis pv. axonopodis*, is a bacterial pathogen that causes diseases in various plants, but it is not the causative agent of Panama disease in bananas. Panama disease is caused by the fungus *Fusarium oxysporum f. sp. cubense*. The model misrepresents the established cause of a specific disease, which falls under misrepresenting the established function/purpose of a medical concept/method relevant to the question.",1.47147073744584,0.43697546929741904,0.9999998165522443,0.822650399220473,0.9103527202767324
589c215778275d0c4a00003c,Which enzymes synthesize catecholamines in adrenal glands?,,"['Tyrosine Hydroxylase', 'Aromatic L-amino acid decarboxylase', 'Dopamine β-hydroxylase', 'Phenylethanolamine N-methyltransferase']",CYP1A1 and CYP1A2,0.0,False,Factuality,A3_DiagnosticCriteriaDefinition,"The incorrect answer lists CYP1A1 and CYP1A2, which are cytochrome P450 enzymes involved in drug metabolism, not catecholamine synthesis. The question asks about enzymes involved in catecholamine synthesis, and the provided answer misrepresents the function of CYP1A1 and CYP1A2 in relation to this process. This constitutes a misrepresentation of the established function/purpose of a medical concept (enzymes) relevant to the question.",2.0159193089691287,0.9937331855520259,0.999999999330132,0.9420321367612428,0.9421692404349056
62058198c9dfcb9c09000030,What is the effect of grapefruit juice on CYP3A4?,,['Inhibitory'],Inhibits CYP3A4,0.0,False,Faithfulness,Faithfulness_Other,"The generated answer ""Inhibits CYP3A4"" is technically correct, but it doesn't explicitly state the *effect* of grapefruit juice on CYP3A4, as the question asks. It's a subtle failure to fully address the question's intent.

*   Faithfulness A1 (Context Ignorant): The answer does not ignore any key entities or relationships mentioned in the question.
*   Faithfulness A2 (Instruction Misinterpretation): The answer provides a single word answer when the question asks for an effect. While technically correct, it's not the *effect* of grapefruit juice.
*   Faithfulness B1 (Extrapolation/Addition): The answer doesn't add any details beyond the scope of the question.

Since none of the specific A/B codes accurately capture the subtle failure to fully answer the question's intent, Faithfulness_Other is the most appropriate choice.",0.8297666152574844,1.1542275906683934,0.9999117661381596,0.6818994293161081,0.85326685707659
5311bf53e3eabad021000006,Which are the biotracers used for detection of Alzheimer's disease using PET?,,"['Pittsburgh compound B', 'Florbetaben (BAY 94-9172)', 'Florbetapir F 18 (18F-AV-45)', '18F flutemetamol (flute)']",florbetapir and flutemetamol,0.0,False,Faithfulness,A1_ContextIgnorant,"The question asks for ""biotracers"" (plural), but the answer only provides two examples, while the reference answer lists four. The generated answer is unfaithful to the question because it does not provide a complete list as requested.",2.0697825019174916,0.6237750148786607,0.9999657240890424,0.9538256213837261,0.944658446364264
5a7d50d0faa1ab7d2e000016,Is ACI-35 a passive vaccine?,,['no'],yes,0.0,False,Factuality,Factuality_Other,"The answer states that ACI-35 is a passive vaccine, which is incorrect. This is a factual error because ACI-35 is an active vaccine. This does not fit into A1-B2 because it is not related to dosage, contraindications, diagnostic criteria, statistics, or fabricated entities/guidelines.",-0.0,0.20914933681488038,0.9975056470866832,0.49875279252901983,0.7370733732642083
5312280ce3eabad02100000a,Abnormalities in which chromosomes were linked to the Moyamoya disease?,,"['3', '6', '8', '12', '15', '17', '21', 'X', 'Y']",13q14.3,0.0,False,Factuality,Factuality_Other,"The generated answer ""13q14.3"" refers to a specific locus on chromosome 13. While chromosomes 3, 6, 8, 12, 15, 17, 21, X, and Y are linked to Moyamoya disease, chromosome 13q14.3 is not. This is a factual error.

*   A1_DosageAdministration: Not applicable, as this is about chromosomal abnormalities, not dosages.
*   A2_ContraindicationIndication: Not applicable, as this is about chromosomal abnormalities, not contraindications/indications.
*   A3_DiagnosticCriteriaDefinition: Not applicable, as this is about specific chromosomes, not diagnostic criteria.
*   B1_StatisticalEpidemiological: Not applicable, as this is about specific chromosomes, not statistics.
*   B2_FabricatedEntityGuideline: Not applicable, as this is about specific chromosomes, not guidelines or entities.

Therefore, Factuality_Other is the most appropriate classification.",2.2802859111242286,0.9897108674943345,0.9999569680613012,0.9999784834955994,0.953471041977602
593fe5c270f9fc6f0f000021,How many PML isoforms exist in the human genome?,,"['7, designated I to VII', 'I-VII']",10,0.0,False,Factuality,B1_StatisticalEpidemiological,"The answer provides an incorrect number of PML isoforms. This is a factual error related to a numerical fact about the human genome, specifically the number of PML isoforms. This falls under statistical/epidemiological errors because it's a numerical fact related to a biological entity.",1.982994265984713,1.4034462451934813,0.9998351419432177,0.9347302071771119,0.9405565586297177
5e29f732aa19d74431000003,List as many European influenza vaccines as possible.,,"['Vaxigrip', 'Begrivac', 'Influsplit', 'Influvac', 'Agrippal', 'Fluvirin']",Influenza vaccines,0.0,False,Faithfulness,A2_InstructionMisinterpretation,"The question explicitly asks for a list of European influenza vaccines. The generated answer ""Influenza vaccines"" fails to follow the instruction to list *specific* vaccines. It provides a general category instead of the requested items.",2.2723662764906574,0.8017476125012433,0.9997011912380426,0.9981140476846202,0.953121334761088
57090c33cf1c325851000013,How many genes are imprinted in the human genome?,,[' fewer than 100'],14,0.0,False,Factuality,B1_StatisticalEpidemiological,"The answer ""14"" is a fabricated or misstated statistic regarding the number of imprinted genes in the human genome. This falls under the category of misrepresenting statistical or epidemiological data related to a medical or biological topic.",2.2446028278124244,1.423254671494166,0.9999999901044916,0.992175738642493,0.9520846092488264
56be1723ef6e39474100000c,List symptoms of Gradenigo's syndrome.,,"['otitis media', 'deep facial pain', 'abducens nerve paralysis']",,0.0,False,Factuality,A3_DiagnosticCriteriaDefinition,"The generated answer is incomplete. Gradenigo's syndrome is characterized by otitis media, deep facial pain, and abducens nerve paralysis. The provided answer only lists one symptom. This is a misrepresentation of the established medical criteria/definition of the syndrome.",2.130125719427683,1.5356302234132244,0.9999999983161564,0.9670742614328012,0.9473410587213502
58a342e760087bc10a00001c,Can you define iatrogenic disease?,,['illness caused by treatment'],iatrogenic disease is a disease that is caused by a medical intervention.,0.0,False,Other/Unclear,Other/Unclear,"The generated answer is not incorrect, but it is not as concise as the reference answer. It is difficult to classify this as a factuality or faithfulness error.",1.2906677220455793,1.1814141176709483,0.9887518440894966,0.7773814604991662,0.8926346023661382
56ed27202ac5ed145900000c,In which cells are A-type lamins expressed?,,['late differentiating primary cells'],epithelial cells,0.0,False,Factuality,Factuality_Other,"The incorrect answer states ""epithelial cells"" express A-type lamins, while the correct answer is ""late differentiating primary cells."" This is a factual error because it contradicts established knowledge about the specific cell types in which A-type lamins are expressed.

*   A1_DosageAdministration: Not applicable, as the question is not about dosage or administration.
*   A2_ContraindicationIndication: Not applicable, as the question is not about contraindications or indications.
*   A3_DiagnosticCriteriaDefinition: Not applicable, as the question is not about diagnostic criteria or definitions.
*   B1_StatisticalEpidemiological: Not applicable, as the question is not about statistics or epidemiology.
*   B2_FabricatedEntityGuideline: Not applicable, as the question does not involve fabricated entities or guidelines.

Therefore, none of the specific A/B codes under Factuality apply, and Factuality_Other is the most appropriate classification.",1.9395892096224343,1.267621344022808,0.9998664333741272,0.9252283940563436,0.9384211297909943
5177def18ed59a060a000034,Which is the molecular mechanism underlying K-ras alterations in carcinomas?,,['Point mutations'],K-ras is a proto-oncogene that is activated by mutations in the codon 12 and 13.,0.0,False,Factuality,A3_DiagnosticCriteriaDefinition,"The question asks for the molecular mechanism underlying K-ras alterations. The answer describes K-ras as a proto-oncogene activated by mutations in codons 12 and 13. While this is related to K-ras alterations, it is a description of the gene and its activation, not the specific molecular mechanism (point mutations) that causes the alteration itself. The answer misrepresents the definition/mechanism of K-ras alterations in carcinomas.",2.205973395607826,1.3659314555986157,1.0,0.9837054390517711,0.9505311339146162
5e2f972bfbd6abf43b000030,List Alkaptonuria Triad.,,"['homogentisic aciduria', 'ochronosis', 'arthritis']","Osteoarthritis, Hair loss, Hyperuricemia",0.0,False,Factuality,A3_DiagnosticCriteriaDefinition,"The generated answer lists ""Osteoarthritis, Hair loss, Hyperuricemia"" as the Alkaptonuria Triad. This is incorrect. The Alkaptonuria Triad consists of homogentisic aciduria, ochronosis, and arthritis. The generated answer misrepresents the established medical criteria/definition of the Alkaptonuria Triad.",2.2180006621708106,1.1059628033817002,0.9999374437206084,0.9863113878837102,0.951008710571514
587e0116ae05ffb474000002,Which tool is available for predicting regulatory interactions from ChIP-seq data?,,['CisMapper'],ChIPseeker,0.0,False,Factuality,Factuality_Other,"The answer ""ChIPseeker"" is incorrect based on external knowledge. ChIPseeker is a tool for annotating ChIP-seq data and identifying genomic regions associated with specific proteins, but it is not primarily designed for predicting regulatory interactions. CisMapper is the correct tool for predicting regulatory interactions from ChIP-seq data.

Here's why the other Factuality codes don't apply:
*   A1_DosageAdministration: Not applicable, as this relates to dosages.
*   A2_ContraindicationIndication: Not applicable, as this relates to safety or indications.
*   A3_DiagnosticCriteriaDefinition: Not applicable, as this relates to definitions or criteria.
*   B1_StatisticalEpidemiological: Not applicable, as this relates to statistics.
*   B2_FabricatedEntityGuideline: Not applicable, as this relates to fabricated entities or guidelines.",1.0849775043959722,2.111832577486833,0.9999999999154914,0.7379038301535502,0.8789345992515001
5ac09a7b19833b0d7b000001,Where is the EpCam protein mainly located?,,['transmembrane expression'],in the nucleus,0.0,False,Factuality,A3_DiagnosticCriteriaDefinition,"The incorrect answer places the EpCam protein in the nucleus, which contradicts established medical knowledge. EpCam is a transmembrane protein, not a nuclear protein. This misrepresents the established location and function of the EpCam protein, which falls under misrepresenting the established function/purpose of a medical concept.",1.970506832636357,1.2575492395422398,0.999996593260941,0.9320728059782206,0.9399823254760774
58efa1b870f9fc6f0f000003,"What is a ""chemobrain""?",,"['The term ""chemobrain"" is sometimes used to denote deficits in neuropsychological functioning that may occur as a result of cancer treatment.']",a condition characterized by memory loss and cognitive impairment,0.0,False,Factuality,A3_DiagnosticCriteriaDefinition,"The generated answer provides a definition of ""chemobrain"" that is overly simplified and doesn't fully capture the nuance of the term as it is used in the medical field. While memory loss and cognitive impairment are symptoms that can be associated with chemobrain, the reference answer specifies that it is related to neuropsychological functioning deficits that *may* occur as a result of cancer treatment. The generated answer omits the crucial link to cancer treatment and presents a more general definition of cognitive impairment. This misrepresents the established medical definition of the term, making it a DiagnosticCriteriaDefinition error.",2.237622353381182,1.4035826240006766,0.9999962427785776,0.9906432510750072,0.951806704267945
512d2fff5274a5fb07000006,Is the H3K4me3 histone mark related to transcriptional initiation or elongation?,,['transcriptional initiation'],elongation,0.0,False,Factuality,A3_DiagnosticCriteriaDefinition,"The question asks about the relationship between the H3K4me3 histone mark and transcriptional initiation or elongation. The incorrect answer states ""elongation,"" while the correct answer is ""transcriptional initiation."" This is a misrepresentation of the established function/purpose of a medical concept (H3K4me3 histone mark) in relation to transcriptional processes, which falls under A3_DiagnosticCriteriaDefinition.",1.1102230246251564e-16,0.6205296168103814,0.999890632855184,0.4999453150677412,0.7388376821739671
5c580aff07647bbc4b00001a,Which ultraconserved element is associated with Embryonic Stem Cells (ESC) self-renewal?,,['T-UCstem1'],UCEB,0.0,False,Factuality,Factuality_Other,"The answer ""UCEB"" is not a known ultraconserved element associated with Embryonic Stem Cells (ESC) self-renewal. This is a factual error, as it contradicts established knowledge.

*   A1_DosageAdministration: Not applicable, as the question is not about dosage or administration.
*   A2_ContraindicationIndication: Not applicable, as the question is not about contraindications or indications.
*   A3_DiagnosticCriteriaDefinition: Not applicable, as the question is not about diagnostic criteria or definitions.
*   B1_StatisticalEpidemiological: Not applicable, as the question is not about statistics or epidemiology.
*   B2_FabricatedEntityGuideline: Not applicable, as the question is not about fabricated entities or guidelines.

Therefore, Factuality_Other is the most appropriate classification.",1.76959372444151,1.9041038154846146,0.9999999999971196,0.8880201416414697,0.929353028497307
60296ace1cb411341a000115,List updates for JASPAR 2020,,"['245 new PFMs (169 for vertebrates, 42 for plants, 17 for nematodes, 10 for insects, and 7 for fungi)', '156 PFMs were updated (125 for vertebrates, 28 for plants and 3 for insects)', 'A novel collection of unvalidated TF-binding profiles for which curators did not find orthogonal supporting evidence in the literature was added', 'Dedicated web form to engage the community in the curation of unvalidated TF-binding profiles', 'A Q&A forum was created to ease the communication between the user community and JASPAR curators', 'The genomic tracks, inference tool, and TF-binding profile similarity clusters were updated']",,0.0,False,Faithfulness,Faithfulness_Other,"The generated answer is missing entirely. It does not provide any information about the updates for JASPAR 2020 as requested in the question. It is not possible to assess factuality as there is no answer to evaluate.
*   A1_ContextIgnorant (Question-Based): This doesn't fit because there isn't an answer to evaluate for ignoring context.
*   A2_InstructionMisinterpretation: This doesn't fit because there isn't an attempt to answer the question.
*   B1_ExtrapolationAddition (Question-Based): This doesn't fit because there isn't an answer to evaluate for adding details.",0.7883722887531364,1.688237499293495,0.998450785618231,0.6720923559075672,0.8479906337915412
5a6f98e6b750ff445500005d,Which ligament is most commonly injured in dashboard injury?,,['Posterior cruciate ligament'],Ligamentum flavum,0.0,False,Factuality,A3_DiagnosticCriteriaDefinition,"The ligamentum flavum is a ligament in the spine, not the knee. The question asks about a ligament injured in a dashboard injury, which is a knee injury. The answer misrepresents the location and relevance of the ligamentum flavum to the context of the question, thus misrepresenting the established function/purpose of a medical concept relevant to the question.",1.8375761293858475,0.6847290485151232,0.9999047770262534,0.9028790818329648,0.9331088049871497
62190bac3a8413c653000034,Which disease is associated with X-linked recessive TLR7 deficiency?,,['critical COVID-19 pneumonia'],Sjögren's syndrome,0.0,False,Factuality,A3_DiagnosticCriteriaDefinition,"The incorrect answer, Sjögren's syndrome, is not associated with X-linked recessive TLR7 deficiency. The correct answer is critical COVID-19 pneumonia. The model misrepresents the established association between TLR7 deficiency and a specific disease, which falls under misrepresenting established medical criteria/definitions/associations.",2.0432608062206867,0.8269812406930658,0.9999991383419016,0.9480268968415533,0.9434490257823044
5354f289288f4dae47000008,Name five programs for transcript quantification from RNASeq experiments,,"['Cufflinks', 'RSEM', 'Flux Capacitor', 'Mitie', 'Miso', 'Tigar', 'Montebello', 'Drut', 'Traph', 'Pome', 'IsoformEx', 'Neuma']","DESeq, edgeR, limma, RSEM, and Cufflinks",0.0,False,Factuality,Factuality_Other,"The answer provides a list of programs, but DESeq, edgeR and limma are not primarily designed for transcript quantification from RNA-Seq experiments. They are more commonly used for differential expression analysis. While they can contribute to the overall quantification workflow, they are not direct quantification tools like RSEM or Cufflinks. Therefore, this is a factuality error.

A1_DosageAdministration: Not applicable.
A2_ContraindicationIndication: Not applicable.
A3_DiagnosticCriteriaDefinition: Not applicable.
B1_StatisticalEpidemiological: Not applicable.
B2_FabricatedEntityGuideline: Not applicable.
Faithfulness errors are not applicable because the answer does provide a list of programs as requested.",2.276218846352488,0.744095844077063,0.9999933131295328,0.9991048681422969,0.95332032012536
530a3e18970c65fa6b000005,List bacteria that may be useful in uranium bioremediation.,,"['Betaproteobacteria', 'Firmicutes', 'Geobacter', 'Shewanella oneidensis', 'Pseudomonas aeruginosa', 'Anaeromyxobacter dehalogenans', 'strain Rf4T']","Pseudomonas aeruginosa, Pseudomonas fluorescens, Pseudomonas putida, Pseudomonas stutzeri, Pseudomonas putida, Pseudomon",0.0,False,Faithfulness,Faithfulness_Other,"The generated answer lists several species of Pseudomonas, which are indeed useful in uranium bioremediation. However, the answer is cut off mid-word (""Pseudomon""), indicating a failure to fully complete the requested list. This isn't a failure to address the question's topic (A1), misinterpretation of the task (A2), or addition of irrelevant details (B1). It's a truncation error, which doesn't fit neatly into any of the specific Faithfulness categories.",2.0869673857049325,0.7002976398453002,2.4867010918194765e-05,0.45761090210744976,0.2742780381722654
56d1e23c67f0cb3d66000009,Which are the coactivators of the Yes-associated protein (yap)?,,['Tead (TEA domain) transcription factors.'],Nuclear receptor corepressors,0.0,False,Factuality,Factuality_Other,"The incorrect answer, ""Nuclear receptor corepressors,"" is factually wrong based on established biological knowledge. YAP coactivators are TEAD transcription factors.

*   A1_DosageAdministration: Not applicable. This category is for errors related to dosages.
*   A2_ContraindicationIndication: Not applicable. This category is for errors related to safety or indications.
*   A3_DiagnosticCriteriaDefinition: Not applicable. This category is for errors related to diagnostic criteria.
*   B1_StatisticalEpidemiological: Not applicable. This category is for errors related to statistics.
*   B2_FabricatedEntityGuideline: Not applicable. This category is for errors related to fabricated entities or guidelines.

Therefore, since none of the specific A/B factuality error types apply, Factuality_Other is the most appropriate choice.",1.9354370713518014,1.2271750236443155,0.999973489151043,0.9243714808067525,0.9382362110723406
517a8a718ed59a060a00003e,Does triiodothyronine stimulate red blood cell sodium potassium pump?,,['no'],yes,0.0,False,Factuality,Factuality_Other,"The incorrect answer contradicts established medical knowledge about the effect of triiodothyronine on red blood cell sodium potassium pumps. While the question is about a physiological effect, it doesn't directly fall into Dosage/Administration (A1), Contraindication/Indication (A2), Diagnostic Criteria/Definition (A3), Statistical/Epidemiological (B1), or Fabricated Entity/Guideline (B2). Therefore, Factuality_Other is the most appropriate classification.",0.2641788706285398,0.6745719715952874,0.0006611584981174,0.05824485252647771,0.0722107620770802
5c6c46677c78d69471000035,List available R packages for processing NanoString data,,"['NanoStringNorm', 'NanoStringNormCNV']",nanostring,0.0,False,Faithfulness,Faithfulness_Other,"The generated answer provides a single R package, which is related to the question's topic. However, it fails to provide a *list* of available R packages as requested by the question. While it doesn't explicitly contradict the question (A1), misinterpret the task (A2), or add irrelevant details (B1), it doesn't fulfill the request for a list. Therefore, none of the specific faithfulness subtypes apply.",1.1042947917384276,1.6927990469563574,0.9999648525065415,0.7421219720791137,0.8806938570002066
6028fc001cb411341a000102,"Which two antibodies directed towards the CGRP ligand, were approved by the FDA in September 2018.",,"['Fremanezumab', 'Galcanezumab']",CGRP monoclonal antibody and CGRP antibody,0.0,False,Faithfulness,A1_ContextIgnorant,"The question asks for two *specific* antibodies approved by the FDA. The generated answer provides generic categories (""CGRP monoclonal antibody"" and ""CGRP antibody"") instead of the specific names requested, thus ignoring the implicit constraint of naming specific entities.",2.2404947243579914,1.3523077432351038,0.99999899213893,0.9912744527252795,0.9519214546085262
61fa9a60c9dfcb9c09000007,Should istiratumab be used for Pancreatic Cancer?,,['no'],yes,0.0,False,Factuality,A2_ContraindicationIndication,"The generated answer incorrectly states that istiratumab should be used for pancreatic cancer, which is a contraindication/indication error. The correct answer is no, indicating that it should not be used.",0.2612255559783299,0.6770323380827904,0.9993120566257327,0.5569351431146373,0.779804986795574
58dd054c8acda34529000024,Do circRNAs remain untranslated?,,['no'],yes,0.0,False,Factuality,Factuality_Other,"The question asks a factual question about circRNAs. The answer ""yes"" is incorrect based on established biological knowledge. While circRNAs were initially thought to be non-coding, it is now known that some circRNAs can be translated. None of the specific Factuality subtypes (A1-B2) apply: A1-DosageAdministration, A2-ContraindicationIndication, and A3-DiagnosticCriteriaDefinition are not relevant to the question. B1-StatisticalEpidemiological and B2-FabricatedEntityGuideline are also not applicable.",0.18219879745726028,0.5068524926900864,0.998689766558878,0.5392957338002506,0.7673727431309694
5cb38a56ecadf2e73f00005e,Is myc a tumour suppressor gene?,,['no'],yes,0.0,False,Factuality,A2_ContraindicationIndication,"The question asks whether myc is a tumor suppressor gene. The correct answer is no, but the generated answer says yes. This is a factuality error because it contradicts established biological knowledge. Specifically, it incorrectly states the function of the myc gene, which is an oncogene, not a tumor suppressor gene. This falls under A2_ContraindicationIndication because it's wrongly stating the role (safe/unsafe, indicated/contraindicated) of the gene in cancer development.",0.08328860231151763,0.32930777668952943,0.0031258323255483,0.019813275438339096,0.0629235819896945
53189656b166e2b80600001c,Against which protein is the antibody used for immonostaining of Lewy bodies raised?,,['alpha-Synuclein'],α-synuclein,0.0,False,Other/Unclear,Other/Unclear,"The generated answer is essentially identical to the correct answer, differing only in the representation of the alpha symbol. It's not a factuality error, as the answer is correct. It's not a faithfulness error, as it directly answers the question. The difference is so minor that it's difficult to classify as a meaningful error.",0.5086452739979932,0.6560642079086532,0.9998335076427846,0.6114477820305304,0.8147757616448105
54d646403706e89528000008,List disorders that have been associated to the polymorphism rs2535629.,,"['schizophrenia', 'major depressive disorder']","Alzheimer's disease, Parkinson's disease, schizophrenia, and bipolar disorder",0.0,False,Faithfulness,B1_ExtrapolationAddition,"The question asks for disorders *associated* with the polymorphism rs2535629. While schizophrenia is a correct answer, Alzheimer's disease, Parkinson's disease, and bipolar disorder are not definitively established as associated with this specific polymorphism based on the provided correct answers. The model is adding information beyond what is directly supported by the question's context.",2.151031503228301,1.091799582783799,0.9999373732609416,0.9716269750019779,0.948227477527704
5a804f71faa1ab7d2e00001d,Which algorithm is used for detection of long repeat expansions?,,['ExpansionHunter'],Tandem Repeats Finder,0.0,False,Factuality,A3_DiagnosticCriteriaDefinition,"The answer ""Tandem Repeats Finder"" is incorrect. ExpansionHunter is the correct algorithm used for detection of long repeat expansions. Tandem Repeats Finder is a tool for finding and annotating tandem repeats in DNA sequences, but it is not specifically designed or primarily used for detecting long repeat expansions in the context of medical diagnostics or research, which is the implied context of the question. Therefore, the incorrect answer misrepresents the established function/purpose of a medical concept/method relevant to the question.",1.5188802428210377,1.8594585623479252,0.999989818711214,0.8330409179359224,0.9136527831661908
518ba4b5310faafe08000005,Which drugs are utilized to treat eosinophilic esophagitis?,,"['proton pump inhibitors', 'immunosoppressive drugs', 'budesonide']",corticosteroids,0.0,False,Factuality,A3_DiagnosticCriteriaDefinition,"Corticosteroids are a treatment for eosinophilic esophagitis. However, the question asks for *drugs* used to treat the condition. Corticosteroids are a class of drugs, not a specific drug. The model fails to provide specific drugs, instead providing a class of drugs. This is a misrepresentation of the established function/purpose of a medical concept (drug vs. class of drugs) relevant to the question.",2.2678534451743335,0.9975579353459555,0.9998419779965824,0.9971949109109053,0.9529700964087042
56c865d25795f9a73e000016,Which compound is a specific inhibitor for Nox1 and Nox4?,,['GKT136901'],N-acetylcysteine,0.0,False,Factuality,Factuality_Other,"N-acetylcysteine is an antioxidant and a precursor to glutathione, not a specific inhibitor of Nox1 and Nox4. This is a factual error based on external knowledge.

A1_DosageAdministration: Not applicable, as the answer is not related to dosage or administration.
A2_ContraindicationIndication: Not applicable, as the answer is not related to contraindications or indications.
A3_DiagnosticCriteriaDefinition: Not applicable, as the answer is not related to diagnostic criteria or definitions.
B1_StatisticalEpidemiological: Not applicable, as the answer is not related to statistics or epidemiology.
B2_FabricatedEntityGuideline: Not applicable, as the answer is not a fabricated entity or guideline.",1.83925329904325,1.3014412316179165,0.9999989554841272,0.9032939264801234,0.9332220939587949
