id,question,context,reference_answers,generated_answer,is_correct,accuracy_metric_score,hallucination_type,hallucination_subtype,annotation_notes,high_temp_samples,selected_for_annotation,semantic_entropy,naive_entropy,internal_signal_score,se_normalized,is_normalized,hybrid_0.5_0.5
5a6f960fb750ff445500005c,Centor criteria are used for which disease?,,"[""streptococcal pharyngitis""]",Tay-Sachs disease,False,0.0,Factuality,A3_DiagnosticCriteriaDefinition,,"[""Lyme disease"",""Tay-Sachs disease"",""Nephroblastoma"",""Cancer"",""Multiple sclerosis"",""leukemia"",""Tay-Sachs disease"",""Tay-Sachs disease"",""Tay-Sachs disease"",""Tay-Sachs disease""]",True,0.8472383464369744,0.8259741463121912,0.9999888819650316,0.3698670252012277,0.9999889020428248,0.6849279636220262
530cf4e0c8a0b4a00c000004,Which mutations of alpha-myosin heavy chain gene are implicated in hypertrophic cardiomyopathy?,,"[""R403Q"",""Q1065H"",""Arg-249-->Gln""]",HETEROGENEOUS,False,0.0,Factuality,Factuality_Other,,"[""TRPV1, TRPV4, TRPV5, TRPV6, TRPV7, TRPV8, TRPV9, TRPV10, TRPV11, TRPV"",""mutations in the A-MYO gene"",""TACHYON 4"",""ALX2"",""ROSA2"",""NGST"",""KRAC"",""HGD-1 and HGD-3 mutations"",""BETA2-CH-LGAP, BETA2-CH-KAP, and TYROBP"",""A25N, A12L, A6L, A12L, A12L, A25N, A12L, A12L, A25N, A12L""]",True,1.907430448820125,1.836414964857586,,,,
5cd96f33a49efeb44c000004,What is the mode of action of filgotinib?,,"[""JAK1 inhibitor""]",It inhibits the enzyme that produces the cytokine interleukin-1beta.,False,0.0,Factuality,Factuality_Other,,"[""anti-inflammatory, antibacterial, and antiviral activity."",""it is a kinase inhibitor and targets the JAK\/STAT pathway."",""Inhibits the transcription of genes involved in the production of pro-inflammatory cytokines."",""It targets JAK1 and JAK2, and inhibits the production of prostaglandins."",""Inhibits 3D domain-containing proteins involved in inflammation"",""Anti-inflammatory, anti-tumor, and anti-atherosclerotic activities"",""It targets JAK2\/STAT signaling."",""Inhibits the synthesis of JAK inhibitors, including FLT3 inhibitors, resulting in a reduction in JAK activity."",""It is used to treat rheumatoid arthritis."",""it has a dual mechanism of action: it acts by blocking the NF-kappaB pathway and downregulating the expression of genes involved in inflammation and cell growth.""]",True,2.271751411625972,0.917933079200882,0.9999980265703668,0.9917468208897852,0.9999980478916216,0.9958724343907036
5d35e421b3a638076300000d,For how long do Drosophila embryos use maternal genome mRNA?,,"[""14 cell divisions""]",for 1000 generations,False,0.0,Factuality,Factuality_Other,,"[""during the first 2 days after fertilization."",""for about 40 hours"",""for 24 hrs"",""for 150-180 hours"",""for 10-20 hours"",""for 15-20 minutes"",""3-4 days"",""24 hours"",""for 24 hours"",""For approximately 14 hours.""]",True,1.3778826664131385,1.0614212276759956,,,,
52c7311903868f1b0600001d,How many different mutations have been associated with Muenke syndrome?,,"[""One""]",10,False,0.0,Factuality,Factuality_Other,,"[""2"",""5"",""5"",""5"",""2"",""30"",""7"",""3"",""27"",""10""]",True,1.7450014585408504,1.176363527774811,0.9998366662303824,0.7617909424857696,0.9998366656102396,0.8808138040480046
56c079b1ef6e394741000022,Idarucizumab is an antidote of which drug?,,"[""dabigatran""]",Tetanus toxin,False,0.0,Factuality,A3_DiagnosticCriteriaDefinition,,"[""Ketamine"",""Dapsone"",""Diclofenac"",""Erythromycin"",""GSK-338550"",""Tetanus toxin"",""Dilantin"",""L-Dopa"",""TAC"",""Zopiclone""]",True,2.120199738014293,1.5997518411651253,,,,
587f7a69d8d850a152000001,Which library is used for fixed-length approximate string matching?,,"[""libFLASM""]",BLAST,False,0.0,Factuality,A3_DiagnosticCriteriaDefinition,,"[""HLL"",""Bowtie"",""Univoc"",""Bowtie"",""PFAM"",""LUMAS"",""BLAST"",""BLAST"",""PFAM"",""Dictyostelium discoideum""]",True,1.406528664353806,1.7380478155281807,,,,
587e07023ec846c24f000001,Which software package is available for the analysis of conserved genomic loci?,,"[""PHYLUCE""]",GENEALOGY,False,0.0,Factuality,A3_DiagnosticCriteriaDefinition,,"[""PHENIX"",""MASCO"",""GENESIS"",""SAGA"",""HOMER"",""BLAST+"",""Genomics Suite"",""Haplotype Sequence Analysis"",""BioEdit"",""SAGE""]",True,1.7035984310826269,2.1172782482739008,,,,
54edf81f94afd61504000014,Which SWI/SNF protein complex subunit has been demonstrated to interact with the FANCA gene product?,,"[""BRG1""]",SWI/SNF complex subunit 1,False,0.0,Factuality,Factuality_Other,,"[""SWI\/SNF2B"",""TAC"",""HYAL4"",""HSP90"",""SWI\/SNF-C-1"",""SNAP-43"",""UCHL1"",""KLF3"",""SWI\/SNF0-21"",""FANCA""]",True,2.060396192899196,1.5964348935903536,,,,
623e02e0f0baec9a1b000005,What is the KDEL retention signal?,,"[""ER retention sequence (KDEL)""]",The KDEL retention signal is a protein that is involved in the regulation of cell division.,False,0.0,Factuality,A3_DiagnosticCriteriaDefinition,,"[""It is a protein that helps regulate the activity of the transcription factor DIR4"",""KDEL"",""The KDEL retention signal is an enhancer of E3 ligase activity."",""It is a signal that allows for the recognition of the cellular compartmentalization of the retina."",""KDEL retention signal"",""a protein that helps stabilize ribosomes."",""The KDEL retention signal is a protein involved in the maintenance of cell fate in embryonic development. It has been implicated in the regulation of cell fate in several cell types, including embryonic stem cells."",""KDEL is a protein involved in regulating cell migration."",""The KDEL retention signal is a protein that is present in a subset of cells of the immune system. It is associated with T-cell activation and has been implicated in several autoimmune diseases."",""The KDEL retention signal is a protein that is involved in regulating the activity of HIF-1.""]",True,2.0541188023075767,0.9065603602785954,,,,
55192892622b194345000012,Which E3 ubiquitin ligase mediates the ubiquitination and degradation of the interferon receptor type 1 (IFNAR1)?,,"[""βTrcp"",""beta-Trcp"",""SCFbeta-Trcp"",""SCFbeta-Trcp (Skp1-Cullin1-F-box protein beta transducin repeat-containing protein)"",""Skp1-Cullin1-HOS-Roc1 (SCF(HOS))""]",E3 ligase,False,0.0,Faithfulness,A2_InstructionMisinterpretation,,"[""NEDD4L"",""POLY1020"",""HEXA"",""RNF2"",""TRAF2"",""P2RY8"",""RIG-I"",""NF-κB E3 ubiquitin ligase"",""E3 ubiquitin ligase"",""IFNAR1""]",True,1.811618323626424,1.5438963019872431,,,,
5c7d6b3e45e140a523000001,Is there any approved treatment for NAFLD?,,"[""no""]","Yes, there is a treatment for NAFLD called NAFLD-1000.",False,0.0,Factuality,B2_FabricatedEntityGuideline,,"[""yes"",""yes"",""yes"",""Yes, oral medications."",""no"",""Yes, flibanserin"",""Yes, NAFLD can be treated with a combination of drugs."",""Yes"",""no"",""no""]",True,1.374225721452093,1.2313150240977606,,,,
5a981bcffcd1d6a10c00002d,List 3 symptoms of Wernicke encephalopathy.,,"[""ophthalmoplegia"",""ataxia"",""acute confusion""]","1. Difficulty in swallowing, 2. Difficulty in breathing, 3. Difficulty in walking.",False,0.0,Factuality,A3_DiagnosticCriteriaDefinition,,"[""(1) Headache, (2) Visual disturbances, (3) Neurological impairments"",""Loss of consciousness, seizures, and encephalopathy."",""1) Increased intracranial pressure, 2) Mood disorders, and 3) Poor coordination."",""(1) Decreased blood flow to the brain, (2) Ataxia, and (3) Loss of consciousness."",""-Motor deficits, -Dysarthria, -Language deficits"",""(1) Headache, (2) Visual disturbances, (3) Muscle weakness"",""Wernicke encephalopathy is characterized by:"",""lethargy, cognitive impairment, and ataxia"",""dizziness, confusion, seizures"",""Wernicke encephalopathy affects the brain and spinal cord. 1) Difficulty with communication, 2) Difficulty with movement, and 3) Difficulty with cognitive""]",True,2.1475391490466316,0.7188409190921152,,,,
536787467d100faa09000010,Which is the relation between sweating and anaerobic threshold?,,"[""There is no clear evidence of the relationship between sweating and anaerobic threshold""]","sweating is a response to anaerobic stress, while anaerobic threshold is a response to sweating.",False,0.0,Factuality,A3_DiagnosticCriteriaDefinition,,"[""anaerobic threshold is correlated with sweating"",""sweating affects the anaerobic threshold"",""sweating is dependent on anaerobic metabolism."",""sweating and anaerobic threshold"",""both"",""sweating is associated with anaerobic threshold"",""sweating is related to anaerobic threshold."",""sweating is related to anaerobic threshold"",""sweating"",""sweating is a response to anaerobic stress, while anaerobic threshold is an adaptation to such stress.""]",True,0.9343313782468289,0.7014364040171357,,,,
5e7641a0c6a8763d23000011,Which was the first cholera vaccine approved in the US?,,"[""Vaxchora""]",The vaccine was developed by Dr. John Snow in 1888.,False,0.0,Factuality,B1_StatisticalEpidemiological,,"[""MMRV"",""Cholera vaccine developed by Dr. James P. Gilliland in 1911."",""Cholera vaccine"",""the vaccine for the Cholera B virus"",""Vaccinia"",""Inocin"",""Vaccine for Smallpox"",""Bordetella pertussis"",""MCV4"",""Bacillus Calmette-Gurin""]",True,2.0508046225430587,1.309446897487537,,,,
52b2e498f828ad283c000010,Mutation of which gene is associated with Achondroplasia?,,"[""fibroblast growth factor receptor 3 (FGFR3)""]",HEXA,False,0.0,Factuality,A3_DiagnosticCriteriaDefinition,,"[""ACC"",""HEPACAM"",""FIB"",""ELOVL7"",""LARGE"",""FHL1"",""TAP"",""GATA6"",""ZIC2"",""FGF2""]",True,2.1170779138659035,2.2565429669618604,,,,
58a45d6060087bc10a00001d,Which diseases are involved in the severe cutaneous reactions (SCAR) spectrum?,,"[""Stevens-Johnson syndrome"",""Toxic epidermal necrolysis"",""Acute generalized exanthematous pustulosis""]","SCAR-A, SCAR-B, SCAR-C, SCAR-D, SCAR-E, SCAR-F, SCAR-G, SCAR-H, SCAR-I, SCAR-J,",False,0.0,Factuality,B2_FabricatedEntityGuideline,,"[""Erythrocytosis, Stevens-Johnson Syndrome, and Toxic Shock Syndrome"",""Tay-Sachs disease, Fanconi anemia, and Lambert-Eaton syndrome."",""Tay-Sachs disease, Ataxia telangiectasia, and X-linked ectodermal dysplasia"",""Dermatofibrosarcoma protuberans, Epidermolysis Bullosa Contractiformis, and Molluscum Contagiosum"",""Tay-Sachs disease, Mucocutaneous leishmaniasis, Pemphigoid"",""Hereditary retinopathy, SIDS, Tay-Sachs, and Gaucher's disease"",""Pemphigus vulgaris, Dermatomyositis, Lichen planus, Erythropoeic dermatitis, Dermatitis herpetiformis, and Tick-borne dermatitis"",""Sca-1, Sca-2, Sca-3, Sca-4, Sca-5, Sca-6, Sca-7, Sca-8, Sca-9, Sca-10"",""Epidermolysis Bullosa (EB)"",""Acute cutaneous leishmaniasis, Q-fever, and psoriasis vulgaris.""]",True,2.2798803029357186,0.6180084006162447,0.9999090602728944,0.9952955375638644,0.9999090694967224,0.9976023035302934
5fe31316a43ad31278000043,What induces downstream of gene (DoG) readthrough transcription?,,"[""stress conditions""]",Nucleotide excision repair,False,0.0,Factuality,A3_DiagnosticCriteriaDefinition,,"[""Eukaryotic translation initiation"",""Nucleotide excision repair (NER) pathway"",""UCSC"",""Transcriptional coactivator"",""BAC transgene"",""Toll-like receptor 2 signaling"",""RNA polymerase II"",""HIF-1alpha"",""Nuclear receptor 5"",""Gene amplification or transcriptional activation""]",True,2.1346152493952166,1.3405156715978415,0.9999944317206108,0.9318791997119756,0.9999944525530466,0.9659368261325112
5e669e0e1af46fc130000019,What is the chromosomal abnormality associated with Klinefelter Syndrome,,"[""XXY""]","47,XYY",False,0.0,Factuality,A3_DiagnosticCriteriaDefinition,,"[""The chromosome 16q21.31 locus is the most commonly mutated region in Klinefelter syndrome."",""FISH (FISH stands for fluorescent in situ hybridization)"",""Klinefelter Syndrome"",""Klinefelter syndrome has an XY sex-linked recessive pattern of inheritance"",""Karyotype 14q21.3-q23"",""4q24.3-q25.1"",""A fusion of chromosomes 17q and 19q"",""A non-functional chromosome 12q11.2"",""Cystic Fibrosis"",""A chromosomal abnormality known as trisomy 21""]",True,2.287087187486074,0.7825065363590437,,,,
602357ff1cb411341a00009a,What treatment was studied in the KEYNOTE-522 trial?,,"[""pembrolizumab""]",Immunotherapy,False,0.0,Faithfulness,A1_ContextIgnorant,,"[""Immunotherapy with tumor-infiltrating lymphocytes"",""G-CSF"",""Rituximab"",""Quercetin"",""GW501516"",""intravenous immunoglobulin (IVIG)"",""Aromatase inhibitors"",""a combination of oral prednisone and intramuscular prednisolone"",""Nivolumab"",""PCI-402""]",True,2.220471300049917,1.0192327431356665,,,,
5165932e298dcd4e51000059,Which are the DNA (cytosine-5-)-methyltransferases inhibitors?,,"[""5-azacytidine"",""5-azadeoxycytidine"",""5-azacytosine"",""5-fluorodeoxycytidine"",""5,6-dihydro-5-azacytosine"",""4'-thio-2'-deoxycytidine"",""hydralazine"",""2-(1H)-pyrimidinone riboside"",""2-(1H)-pyrimidinone"",""procaine"",""procainamide"",""RSC133"",""Psammaplin A""]",5-methylcytosine-5-methyltransferase inhibitors,False,0.0,Faithfulness,A1_ContextIgnorant,,"[""AKI and AKI 2"",""3-phosphofructo-2-kinase inhibitors"",""OLEA"",""cytosine-5-methyltransferase inhibitors"",""PF-04948339, PF-04948340, PF-04948338, PF-04948339, PF"","""",""PDE5B"",""SIRT1"",""BIN1"",""DNMT3A, DNMT3B, and DNMT3C""]",True,1.8560697893656197,1.5812667763182477,,,,
56c3326750c68dd41600000b,Which histone modifications are correlated with transcription elongation?,,"[""H3K36me3""]",H3K4me1 and H3K4me3,False,0.0,Factuality,A3_DiagnosticCriteriaDefinition,,"[""DOT3"",""H3 acetylation"",""LY7 and H3K9 acetylation"",""H3K4me1\/me2, H3K4me3, H3K4ac, and H3K2ac"",""METHYLATION"",""Lysine methylation"",""Glycolysis and glucose metabolism are associated with histone modifications such as H3K2 and H3K14."",""H3K2, H3K3, H3K9, and H3K18"",""H3 acetylation"",""methylation of cytosine residues in the N- and C-terminal regions of the histone family, including H3 and H4.""]",True,1.927765526945923,1.0352866872519435,0.9999681315451624,0.8415777021136124,0.9999681488013624,0.9207729254574876
5e776db8835f4e4777000011,Which company sells the drug Afrezza since 2015?,,"[""Sanofi""]",Novartis,False,0.0,Factuality,Factuality_Other,,"[""GSK"",""Sanofi"",""Allergan"",""MedImmune"",""AstraZeneca"",""GlaxoSmithKline"",""Sanofi"",""Novartis"",""Amneal Pharmaceuticals"",""Pfizer""]",True,1.9852593983244757,0.8917178479499288,,,,
588f341594c1512c50000002,What is the applicability of the No Promoter Left Behind method?,,"[""Learning de novo promoter architectures from genome-wide transcription start sites.""]",It is applicable in the field of cancer research.,False,0.0,Factuality,Factuality_Other,,"[""It has potential applications in cancer genomics."",""it can help to identify gene candidates that are likely to have a clinically significant effect, or to prioritize a subset of genes to investigate further."",""It is an inexpensive and non-invasive method to identify promoters that are not interacting with regulatory elements."",""cancer therapy, drug design"",""in cancer, it can identify promoter regions with altered activity"",""The method can identify promoter regions that are particularly conserved across species."",""the method can be applied to any type of gene or transcriptome."",""It is applicable in many fields like medicine, genetics, and bioinformatics."",""The method is particularly useful in identifying promoter and enhancer elements that have been lost in cancer cells."",""It can be applied to identify promoter elements that are essential for the expression of genes in any species.""]",True,2.2522048158746584,1.293061944315539,,,,
518cb5ab310faafe08000008,Which are the best treatment options to treat Helicobacter pylori?,,"[""amoxicillin"",""metronidazole"",""claritromycin"",""Proton pump inhibithors"",""rifabutin"",""Eudragit L100""]",PPIs,False,0.0,Faithfulness,A2_InstructionMisinterpretation,,"[""PPIs, antibiotics, and surgery."",""1. PPIs"",""Antibiotics"",""Erythromycin"",""Proton pump inhibitors"",""Immediate treatment and antibiotic therapy."",""antibiotics and surgery"",""proton pump inhibitors (PPIs)"",""5-ASA, TBP, and PTEN inhibitors"",""NRTIs, PPIs, H2 blockers""]",True,1.6917259916659226,0.8680860293454244,,,,
553f7a71ab98a37113000009,In which types of DNA repair is the UvrAB complex involved?,,"[""nucleotide excision repair (NER)"",""transcription-coupled repair (TCR)"",""suppression of illegitimate recombination""]",UvrAB complex is involved in DNA repair in the following types of DNA:,False,0.0,Faithfulness,A2_InstructionMisinterpretation,,"[""UvrAB complex is involved in DNA repair in all types of DNA."",""P15 (DNA gyrase)"",""DNA repair in bacteria and yeast."",""DNA damage-dependent repair."",""G6PD"",""DSBs"",""Inactivating mutations in UvrAB can lead to DNA repair defects in certain types of cancer."",""DNA repair in yeast"",""DNA damage repair"",""DNA repair complexes UvrAB (Ultraviolet Radiation and Aberrant Base)""]",True,2.0247468620487874,1.5052524081595016,0.9999484132142012,0.8839154906065323,0.999948427789149,0.9419319591978408
5a6e3155b750ff445500003f,Which R/Bioconductor package has been developed for cancer subtype identification?,,"[""CancerSubtypes""]",CancerSubtype,False,0.0,Other_Unclear,,,"[""5-prime RNA (5-RNA)"",""Cancer.Subtypes"",""\""CancerSubtype\"""",""Cancer Genome Analysis Toolkit (CGAT)"",""CancerR"",""R\/Bioconductor"",""Bioconductor"",""R\/Bioconductor"",""HIC"",""Cancer Genome Informatics""]",True,1.2676940350305466,1.289787673396401,,,,
603219c21cb411341a000133,What is vesiduction?,,"[""'Vesiduction' as a fourth mode of intercellular DNA transfer.""]",Vesiduction is the process of vesicle formation in the eye.,False,0.0,Factuality,A3_DiagnosticCriteriaDefinition,,"[""Vesiduction is the process of movement of the vena cava in the lower extremities."",""Vesiduction refers to the retention of the lower esophageal sphincter and the development of acid reflux."",""vesiduction is a condition wherein the cornea and lens become clouded with mucus, which obscures the visual field."",""Vesiduction is a rare form of neuropathy that can occur in individuals who have a genetic mutation that affects a gene involved in vesicular trafficking."",""Vesiduction is the process of breaking up vesicles in the body to prevent infection."",""Vesiduction is a technique for studying the anatomy of the eye."",""a condition where a vesiculose membrane is present in the eye's cornea or corneal endothelium"",""Vesiduction is the process of vesicular clearance from the eye."",""Vesiduction is the process by which the vesicle of the lymphatic system is enlarged in response to inflammation."",""Vesiduction is the process of secretion of a vesicular fluid from the cell membrane.""]",True,2.2881451269419295,1.001201217986759,,,,
5505db6a8e1671127b000003,What are the structures formed when keratin molecules come together?,,"[""Intermediate filaments""]",Fibers,False,0.0,Factuality,A3_DiagnosticCriteriaDefinition,,"[""Keratin coils into a spiral."",""Fibril"",""Cages"",""a sheet"",""fibrous scaffold"",""A triad"",""β-sheet and γ-sheet"",""Strands with multiple covalent bonds"",""Triangular, hexagonal, or tetrahedral."",""Skeletal keratin""]",True,2.1073664764279783,1.7785216588749848,,,,
601d72c21cb411341a000038,What are the years of the initiation and completion of the Human Genome project?,,"[""1990"",""2003""]",2001 and 2009,False,0.0,Factuality,B1_StatisticalEpidemiological,,"[""2001 and 2005"",""2001 and 2009"",""2001 and 2009"",""2003 and 2009"",""2001"",""2001"",""1998 and 2004"",""2001 and 2009"",""2003 and 2008"",""2001-2009""]",True,1.5456480714168552,0.22683325717733666,0.9997291797554446,0.6747620154200542,0.9997291645195449,0.8372455899697995
5a75ee7e83b0d9ea66000005,List symptoms of the Zieve's syndrome.,,"[""jaundice"",""hyperlipidaemia"",""haemolytic anaemia""]",,False,0.0,Faithfulness,A2_InstructionMisinterpretation,,"[""The Zieve's syndrome is characterized by:"",""drowsiness, decreased consciousness, unconsciousness, and sudden death"",""Zieve's syndrome can cause skin eruptions, conjunctivitis, and lymphadenitis."",""dysgeusia, dyspnea, and vomiting."",""Zieve's syndrome is characterized by a variety of symptoms including:"",""-1 symptom: severe anemia, decreased red blood cell count, and poor erythrocyte function"",""Zieve's syndrome is characterized by the following symptoms:"","""",""Zieve's syndrome may cause symptoms such as dizziness, headache, fatigue, and vision problems."",""Inflammation of the liver and gallbladder, liver and gallbladder tumors, and intestinal and liver cancer""]",True,1.6080082447891098,1.179295562217803,0.999958619892975,0.7019857263311896,0.999958635855803,0.8509721810934963
56ffd805cf1c32585100000a,Which is the main difference between Alu and B1 repeats?,,"[""it is the mouse homolog to the left Alu monomer""]",Alu repeats are more stable and have a higher frequency of mutations.,False,0.0,Factuality,A3_DiagnosticCriteriaDefinition,,"[""Alu repeats are more repetitive than B1 repeats."",""Alu repeats are longer, and their repeats are more tightly packed."",""B1 repeats are less stable and are less likely to cause mutations in the target gene."",""Alu repeats are often found in introns, while B1 repeats are more frequently found in exons."",""Alu repeats are typically shorter than B1 repeats."",""Alu repeats are longer and less structured while B1 repeats are shorter and more structured."",""Alu repeats are present in both the 3' and 5' ends of the gene, while B1 repeats are present only in the 5' end."",""B1 repeats are more frequent, while Alu repeats are more frequent in Tay-Sachs disease."",""Alu repeats are larger and more compact than B1 repeats."",""Alu repeats have two main differences from B1 repeats, which are (1) they contain more non-coding sequence, and (2) they have a different structure.""]",True,2.1554395948936445,0.6929774443521085,,,,
5a6e49a4b750ff445500004b,Is LDB1-mediated enhancer looping dependent on cohesin?,,"[""no""]",yes,False,0.0,Factuality,Factuality_Other,,"[""yes"",""yes"",""yes"",""yes"",""yes"",""yes"",""Yes"",""yes"",""yes"",""yes""]",True,-0.0,0.4651538968086243,,,,
53124bdae3eabad02100000b,Which is the molecular target of the immunosuppressant drug Rapamycin?,,"[""mTOR""]",TNF-alpha,False,0.0,Factuality,A3_DiagnosticCriteriaDefinition,,"[""CD147"",""RAD51"",""TGF-beta"",""CD40"",""TAM"",""TGF-beta"",""TAC1"",""T-cell proliferation"",""TAMs"",""PARP1""]",True,1.7999703587322458,1.7185619276229822,0.9999974248156176,0.7857879483789477,0.9999974460550474,0.8928926972169975
530f900ee3eabad021000003,Which hormone concentrations are altered in patients with the Allan–Herndon–Dudley syndrome?,,"[""Thyroid""]",PTH,False,0.0,Factuality,A3_DiagnosticCriteriaDefinition,,"[""HERG-K"",""CRH, GH, and FSH"",""HGH"",""ANG, TSH, TP, ACTH, PRL, SRY, and SGH"",""ALL"",""HGH"",""10-30 pg\/mL"",""PET, PH, and ACTH"",""H1"",""GH""]",True,1.6127106197812373,1.7487639757639903,0.9975311881577082,0.7040385765793319,0.9975308740441045,0.8507847253117182
601eb56c1cb411341a000058,On what chromosome would the MKKS gene for McKusick-Kaufman(AKA Kaufman-McKusick) syndrome be found?,,"[""20"",""20p12"",""mkks or bbs6 gene on chromosome 20p12"",""20p12 between D20S162 and D20S894 markers""]",11q23.3,False,0.0,Factuality,A3_DiagnosticCriteriaDefinition,,"[""11q22.3"",""Chromosome 3q39.13"",""7q35"",""13q21.3"",""on chromosome 16"",""20"",""5q22"",""15q21.3"",""17"",""chromosome 12""]",True,2.261967437410341,1.0705596831942068,0.9855854968384122,0.9874755677613124,0.985583558377928,0.9865295630696204
53161545b166e2b806000002,Which DNA repair system is involved in HNPCC?,,"[""In HNPCC, the mismatch DNA repair system is involved.""]",DNA repair,False,0.0,Factuality,A3_DiagnosticCriteriaDefinition,,"[""DNA damage signaling"",""DNA glycosylase"",""P-AMPK\/AKT"",""HNPCC"",""DNA-dependent RNA polymerase"",""HEXA"",""DNA strand break repair"",""DNA repair system"",""HMRF"",""DNA repair system""]",True,1.7129145821566825,1.3908313508402732,,,,
5c7006037c78d6947100005d,Which characteristics are used in the SLEDAI index for SLE patients?,,"[""central nervous system"",""vascular system"",""renal system"",""musculoskeletal system"",""serosal system"",""dermal system"",""immune system"",""hematological system""]","age, sex, and disease duration",False,0.0,Factuality,A3_DiagnosticCriteriaDefinition,,"["""",""SLEDAI is used to evaluate the severity of the disease."",""PAPAYA, MEDIATOR, NUMA, BLADE, and TUBERCULOSIS"",""C-reactive protein, erythrocyte sedimentation rate, and anti-Ly3 antibody levels"",""SLEDAI index is used to assess the severity of disease activity and to classify patients into four groups."",""Pain, Rash, Edema, Cardiac Arrhythmia, and Inflammatory response"",""A score of 20 or above indicates an immune-mediated disease."",""Glycosylation, erythrocytopenia, and proteinuria."",""SLEDAI is a measure of disease activity and immune response."",""age, sex, sex steroids, systemic lupus, immune system, HLA, age and sex steroids""]",True,2.2161984995618367,1.1920933864813192,,,,
5357b9bcf1005d6b58000008,Which are the major intramolecular phosphorylation sites of human Chk2 involved in cell cycle control?,,"[""T68"",""S19"",""S33\/35""]",HEXA,False,0.0,Faithfulness,A1_ContextIgnorant,,"[""BAR3"",""PHOSPHORYLATE"",""HEXA and HEXB"",""MIT1 and MIT2"",""19"",""34 and 117"",""PHOSPHORYLATION OF CHK2 IN TRANSMEMBRANE CELLS"",""N-terminal phosphorylation site and N-terminal phosphorylation site."",""GGX"",""CDK4 and CDK5""]",True,2.0405252639882807,1.62444201919013,,,,
58bbbe6822d300530900001a,List the three most abundant bacterial phyla present in mouse feces.,,"[""Firmicutes"",""Proteobacteria"",""Bacteroidetes""]","Eubacteria, Actinobacteria, and Fusobacteria.",False,0.0,Factuality,A3_DiagnosticCriteriaDefinition,,"[""Enterobacter, Faecalibacterium, and Vibrio"",""Bacteroidetes, Faecalibacterium, and Bacteroides."",""Gram-positive bacteria"",""Eubacteria, Firmicutes, and Bacteroidetes"",""E.coli, S. pneumonia, and S. enterica."",""E. coli, Lactobacillus, and Enterobacter"",""Clostridium, Bacillus, and Staphylococcus."",""Eubacteria, Archaea, and Firmicutes"",""Actinobacillus, Staphylococcus, and Escherichia"",""Sphingomonas, Pseudomonas, and Streptococcus""]",True,2.283650715083318,0.628977128575719,0.9950537551804448,0.9969415337946532,0.9950531041913584,0.9959973189930058
51406e6223fec90375000009,Does metformin interfere thyroxine absorption?,,"[""no""]",yes,False,0.0,Factuality,A2_ContraindicationIndication,,"[""yes"",""yes"",""yes"",""Yes"",""yes"",""yes"",""yes"",""yes"",""yes"",""yes""]",True,3.330669073875469e-16,0.47720202803611755,,,,
587e0116ae05ffb474000002,Which tool is available for predicting regulatory interactions from ChIP-seq data?,,"[""CisMapper""]",ChIP-seq,False,0.0,Faithfulness,A1_ContextIgnorant,,"[""PIMS"",""WES"",""ChIP-seq-HSP-12"",""MAS"",""The Regulatory Interaction Database (RID)"",""BioMedGEEK"",""RNA-seq"",""TOPCHIP"",""DAPI"",""ChIP-Seq""]",True,1.782494617794654,2.531022152498816,0.9990407636320452,0.778158807959422,0.9990406547869476,0.8885997313731848
605cc21d94d57fd879000036,What is the role of the IRE1a-XBP1 pathway?,,"[""Promotion of T helper cell differentiation by resolving secretory stress and accelerating proliferation""]",It regulates the expression of genes involved in cell cycle progression and cell survival.,False,0.0,Factuality,A3_DiagnosticCriteriaDefinition,,"[""It promotes cell division by inducing the expression of genes involved in cell cycle progression and apoptosis."",""IRE1a is required for the transcriptional activation of the XBP1 pathway, which is implicated in the pathogenesis of autoimmune diseases."",""it is implicated in immune function and cancer"",""The IRE1a-XBP1 pathway regulates immune function, specifically the T-cell response."",""The IRE1a-XBP1 pathway regulates cell proliferation and survival, and it is implicated in the development of cancer."",""IRE1a is involved in the activation of transcription and XBP1 is involved in the repression of transcription."",""it regulates transcription and chromatin structure"",""it is involved in the activation of transcription, translation, and DNA repair."",""It plays a crucial role in the transcriptional regulation of cellular processes."",""It regulates the expression of target genes during the immune response.""]",True,2.26585428640814,0.8911413147065762,0.999973731616258,0.9891723952033992,0.9999737496339424,0.9945730724186708
589c42b178275d0c4a00003f,Which are the lipid lowering drugs administered in patients with Coronary Artery Disease (CAD)?,,"[""Statins"",""Fibrates"",""Resins"",""Niacin"",""Cholesterol absorption-inhibiting drugs""]",Lipid lowering drugs,False,0.0,Faithfulness,A2_InstructionMisinterpretation,,"[""LDL-C, HDL-C"",""Statins and lovastatin"",""Atorvastatin, Lipitor"",""Diltiazem"",""LDL-cholesterol lowering agents"",""LDL-Cholesterol lowering drugs"",""statins"",""Cisplatin and gemcitabine."",""niacin, simvastatin, and vitamin E"",""Lipid-lowering drugs""]",True,2.0525789830083756,0.9346849679520574,0.1238635465744004,0.8960657713718628,0.123744433199186,0.5099051022855244
6057c2f894d57fd879000033,Which method has been developed for detection of ATAC-seq or ChIP-seq signals with DNA methylation?,,"[""EpiMethylTag""]",ChIP-seq,False,0.0,Faithfulness,A1_ContextIgnorant,,"[""Next Generation Sequencing (NGS)"",""SILAC"",""ChIP-seq"",""ChIP-seq or ATAC-seq"",""ChIP-Seq"",""ChIP-seq"",""ChIP-seq"",""Affymetrix"",""PAS"",""Affymetrix""]",True,0.9430331708910721,1.1022871441311306,0.9995511794833458,0.4116868352930584,0.9995511400433896,0.705618987668224
624f0813e764a5320400000a,Please list the tests used to diagnose Allergic Rhinitis.,,"[""positive methacholine challenge result or bronchodilator responsiveness"",""determination of IgE-mediated sensitization"",""Skin prick test (SPT)"",""Phadiatop"",""nasal provocation test (NPT)"",""rhinomanometry""]",,False,0.0,Faithfulness,A2_InstructionMisinterpretation,,"[""IgE testing, skin prick testing, and nasal swab testing."",""The tests used to diagnose Allergic Rhinitis are:"",""Immunohistochemistry, Histopathology, and Immunofluorescence."","""",""CT scan"",""1) Clinical Assessment"",""The tests used to diagnose Allergic Rhinitis are:"",""Echocardiography, CT scan, MRI, Lung function test, and sinus analysis"",""Sinus CT, Sinus MRI, and Sinus Airway Obstruction"",""CT scan, nasal polysmosis, and nasal polyp biopsy.""]",True,1.8538326600640072,1.2277726270040226,,,,
550899c92e93f0133a000003,Is K-63 linked protein ubiquitination related to proteasomal degradation?,,"[""no""]",yes,False,0.0,Factuality,A3_DiagnosticCriteriaDefinition,,"[""no"",""yes"",""yes"",""yes"",""yes"",""yes"",""yes"",""yes"",""yes"",""no""]",True,0.11417245538382771,0.556442129611969,,,,
5a8980d2fcd1d6a10c00000d,Which is the main protein in brown adipose tissue (BAT) active in thermogenesis?,,"[""Uncoupling protein 1"",""UCP1""]",SIRT1,False,0.0,Factuality,A3_DiagnosticCriteriaDefinition,,"[""FATTY ACID B-HYDROXYLACTYL CODEINE (FAH)"",""TFIIG"",""SREBP-1"",""WNT7"",""TBP"",""TOR1A"",""TGF-beta"",""FATTY ACID OXIDOREDUCTASE"",""IGF-2"",""GRP78""]",True,2.010484854722622,1.3109288011022833,,,,
5c92871decadf2e73f000016,What is the name of the Cas13 based diagnostic test for the Zika and dengue viruses?,,"[""SHERLOCK (specific high-sensitivity enzymatic reporter unlocking)""]",Cas13A,False,0.0,Faithfulness,A1_ContextIgnorant,,"[""Cas13A-Cas9"",""Cas13A"",""NADPH oxidase test"",""Cas13A"",""PLA2A"",""Cas13A"",""Cas13a"",""Cas13a"",""CRISPR-Cas13a"",""Cas13a""]",True,0.15763717621374027,0.9275300936256018,,,,
5a89800efcd1d6a10c00000c,Where is the enzyme PM20D1 localized?,,"[""UCP1+ adipocytes""]",in the nucleus,False,0.0,Factuality,A3_DiagnosticCriteriaDefinition,,"[""in the mitochondria"",""intracellular"",""Nucleus"",""in the mitochondrial matrix"",""Nucleus"",""in the nucleus"",""The enzyme PM20D1 localizes to the mitochondria"",""CYP2C9"",""in the cytoplasm"",""In the mitochondria""]",True,1.4202928628552316,0.8402841935270787,,,,
6031270b1cb411341a00012c,Which key gene is involved in syndromic obesity phenotype of patients with 1p21.3 microdeletions?,,"[""MIR137""]",HEXA,False,0.0,Factuality,A3_DiagnosticCriteriaDefinition,,"[""DFNB1"",""MED4"",""COL2"",""TGFBI"",""ECOG"",""EAR"",""ANGPTL4"",""HGNC:6286"",""TKA1"",""CYP1B1""]",True,2.0166688771918038,2.371359926573932,0.9997499746796842,0.8803889974523472,0.9997499622714292,0.9400694798618882
51640b4a298dcd4e51000050,Is it safe to take isotretinoin during pregnancy?,,"[""no""]",yes,False,0.0,Factuality,A2_ContraindicationIndication,,"[""yes"",""Yes, it is safe to take isotretinoin during pregnancy."",""yes"",""yes"",""yes"",""yes"",""no"",""yes"",""yes"",""Yes, it is safe to take isotretinoin during pregnancy""]",True,0.07100744325979583,0.43629044936148115,,,,
5cebf83ea49efeb44c00000a,Are male or female persons more prone to autoimmunity?,,"[""Female""]",both,False,0.0,Factuality,B1_StatisticalEpidemiological,,"[""Both male and female persons are more prone to autoimmune diseases."",""both"",""both males and females are prone to autoimmunity."",""male"",""Male"",""both males and females are prone to autoimmune diseases."",""male"",""yes"",""male"",""male""]",True,0.7236436505137914,1.2603191105382785,,,,
6027f8ae1cb411341a0000ed,Which network analysis method can you use for prioritization of metabolic disease genes?,,"[""metPropagate""]",Gene Ontology,False,0.0,Factuality,Factuality_Other,,"[""STRAP"",""MAG"",""PCA"",""Gene Ontology (GO)"",""Ensemble Genetic"",""Gene2"",""DICHETOI"",""Network analysis"",""Stratified Network Analysis (SNA)"",""Cytoscape""]",True,1.9962307161794142,1.9744678104917206,,,,
53357ca0d6d3ac6a3400004b,Which enzyme is inhibited by a drug fostamatinib?,,"[""spleen tyrosine kinase""]",PHOSPHATASE,False,0.0,Factuality,Factuality_Other,,"[""LYS1"",""FAD"",""DALT"",""BCL2"",""GALNS"",""SLC19A7"",""HEXA"",""AKT"",""SLC34A7"",""COX-1""]",True,2.0427011326380096,2.0996385237822928,,,,
5713b29f1174fb175500000f,Which phenotypes are associated with heterozygous mutations of the BSCL2 gene?,,"[""Silver syndrome\/spastic paraplegia 17"",""Distal hereditary motor neuropathy type V"",""Charcot-Marie-Tooth disease type 2 (CMT2) with predominant hand involvement""]",Heterozygous mutations of the BSCL2 gene are associated with the phenotype of the BSCL2-deficient mouse.,False,0.0,Factuality,Factuality_Other,,"[""PTEN and CD57-positive."",""LENGTH INDICATOR"",""Neuropsychiatric and neurological deficits"",""Leukocyte adhesion deficiency and familial leukemic anemia"",""NG2, FLX, FLG, and LGI."","""",""Autism, PTSD, ADHD"",""The heterozygous mutations of the BSCL2 gene are responsible for the phenotypes described as \""difficult to diagnose.\"""",""10% of patients have a single copy mutation, 20% have a double copy mutation, and 40% have a triple copy mutation."",""BSCL2 mutations are associated with the phenotypes of 3-4 of the 22 phenotypes.""]",True,2.138882227787963,1.5515757552993112,,,,
515c4f05298dcd4e51000006,Which genes does thyroid hormone receptor alpha1 regulate in the heart?,,"[""β-myosin heavy chain"",""alpha-myosin heavy chain"",""SR(Ca)ATPase"",""phospholamban"",""nucleotide-gated potassium channel 2"",""KCNE1"",""HCN2"",""HCN4"",""KCND2"",""KCND3"",""KCNA4""]",TP53,False,0.0,Factuality,A2_ContraindicationIndication,,"[""Thyroid hormone receptor alpha1"",""Thyroid hormone receptor alpha1"",""IGF-1R"",""LGALS1"",""FUS"",""TPTP"",""TCR alpha1"",""HMG-CoA reductase"",""THCA"",""TSHR alpha1""]",True,1.1459584909038951,1.6677761999103757,,,,
601bde6e1cb411341a000006,Which disease is caused by de novo VPS4A mutations?,,"[""Multisystem disease with abnormal neurodevelopment""]",Tay-Sachs disease,False,0.0,Factuality,A2_ContraindicationIndication,,"[""Alveolar dystrophies"",""Huntington's disease"",""Gaucher disease"",""Hereditary Spastic Paraplegia"",""HIV-associated immunodeficiency syndrome"",""Multiple Sclerosis"",""Pheochromocytoma"",""Vibrio vulnificans"",""Leigh syndrome"",""Tay-Sachs disease""]",True,2.2378964395181282,0.9635577643541471,0.9999930500015902,0.9769672280226084,0.9999930706461432,0.9884801493343756
5e46eb7a3f5415952900000d,Which disease is rated using the Fahn-Tolosa-Marin scale?,,"[""essential tremor""]",Tay-Sachs disease,False,0.0,Factuality,A3_DiagnosticCriteriaDefinition,,"[""Cerebral palsy"",""Fahn-Tolosa-Marin scale is used for the diagnosis of chronic diseases."",""Leukemia"",""Duchenne muscular dystrophy (DMD)"",""Alpha-1 Antitrypsin Deficiency"",""Rheumatoid arthritis"",""Duchenne muscular dystrophy"",""Spinocerebellar ataxia type 2"",""Chronic Fatigue Syndrome"",""Glossop's disease""]",True,2.2220349983102587,0.9490449695892277,0.999973803038038,0.9700428199152196,0.9999738210654344,0.9850083204903268
571f2b5bbb137a4b0c000010,Which genes have been associated with Cerebral Cavernous Malformation?,,"[""CCM1\/KRIT1"",""CCM2\/OSM\/Malcavernin"",""CCM3\/PDCD10""]","HEXA, HEXB, HEXC, HEXD, HEXE, HEXF, HEXG, HEXH, HEXI, HEXJ, HEXK, HEXL, HEX",False,0.0,Factuality,A2_ContraindicationIndication,,"[""ELA, ELA3, ELA4, ELA5, ELA6, and ELA7"",""MET, GALNT8, TGFBR1, SLC26A4"",""SCD1, SCD2, SCD3, SCD4, SCD5, SCD6, SCD7, SCD8, SCD9, SCD10, SCD11, SCD12"",""CD4, CD13, CD14, CD15, CD16, CD18, CD19, CD20, CD21, CD23, CD25, CD26, CD27"",""ACC"",""PDZD2, PDZD1, and PDZD3"",""HEXA, LRP5, LRP6"",""HEXA, HEXB, HEXC, HEXD, HEXE, HEXF, HEXG, HEXH, HEXI, HEXJ, HEXK, HEXL, HEX"",""GEN 99 and GEN 100"",""SIX, MTN, KIF1A, TREM2, MODY3, LAM, CACNA1A, and CACNA1B""]",True,2.114432209376651,1.0972472981439108,,,,
5c6aef167c78d69471000023,Which tool has been developed for GPU-accelerated alignment of bisulfite-treated DNA sequences?,,"[""Arioc""]",Bisulfite Sequencing,False,0.0,Factuality,A3_DiagnosticCriteriaDefinition,,"[""Bioinformatics tool MUSCLE"",""CigarAligner"",""PAM-Finder"",""GATK Bisulfite Alignment"",""Isozyme Profiler"",""DNAnexus"",""Bisulfite DNA Sequencing Toolkit"",""Isozyme tool"",""DSSP"",""""]",True,2.061934798392461,1.997367906131678,,,,
5fdb42e7a43ad31278000026,Which is the main gene signature in Systemic Lupus Erythematosus (SLE)?,,"[""IFN signature"",""Interferon signature""]",HLA-B27,False,0.0,Factuality,A2_ContraindicationIndication,,"[""HLA-B27"",""SLE-1"",""ALDH1A1"",""LYZ"",""SLE1"",""LYST"",""NALT"",""IL-12"",""CD45"",""SLE Type 1 gene""]",True,1.640026214576406,1.6113473123560351,,,,
54d907c84b1fd0d33c000008,Which molecule is targeted by a monoclonal antibody Mepolizumab?,,"[""interleukin-5""]",TNF-alpha,False,0.0,Factuality,A2_ContraindicationIndication,,"[""17-O-tetradecanoylphorbol-13-acetate (TPA)"",""STEM-C"",""17-OHT"",""IL-2"",""HEP-1 alpha"",""EGFR"",""TRPV1"",""Eculizumab"",""PDPN"",""ATR""]",True,1.9276413752636785,1.7081871217290563,0.9999969042233956,0.8415235029457175,0.9999969253920364,0.920760214168877
606ad07394d57fd879000050,What is the prevalence of poor metabolizers of CYP2C19 among Southern Asians compared to East Asians?,,"[""higher""]",10%,False,0.0,Factuality,B1_StatisticalEpidemiological,,"[""30-40%"",""Eastern Asians have a higher prevalence of poor metabolizers of CYP2C19 compared to Southern Asians."",""23%"",""0.2%"",""10% vs 20%"",""poor metabolizers"",""East Asians have higher prevalence of poor metabolizers of CYP2C19 compared to Southern Asians"",""poor metabolizers are 10-30% among East Asians and 1-10% among Southern Asians."",""10.5%"",""poor metabolizers""]",True,1.8179463159718168,0.7688617892924047,0.999968208938298,0.7936354612509814,0.9999682262050216,0.8968018437280014
5c5f11c31a4c55d80b000015,List proteins interacting with Star-PAP,,"[""PIPKIα"",""CPSF 160"",""CPSF 73"",""Larp7""]",Star-PAP,False,0.0,Faithfulness,A1_ContextIgnorant,,"[""SOS proteins"",""STAR-PAP"",""1"",""HEXA, PAP"",""DIG2, FADD, HEXA, PAP, RBM23, TBK1, TBK2, TBK3, TBK4, TBK5, TBK6,"",""star-pap-1"",""E1A, E3UA, HSP, and TREB"",""Star-PAP-related proteins"",""star-pap and hsp70"",""Star-PAP""]",True,1.555881996765928,1.3217654245959387,,,,
58e26ede6fddd3e83e000015,Is the number of described human nuclear mutations less than 50000?,,"[""no""]",yes,False,0.0,Factuality,B1_StatisticalEpidemiological,,"[""yes"",""yes"",""Yes, 40271 of the 50000 have been described."",""no"",""yes"",""yes"",""yes"",""yes"",""yes"",""yes""]",True,0.2709575222469399,0.5262637569382786,,,,
5709ee36cf1c32585100001e,Which syndrome is associated with mutant DVL1?,,"[""Robinow syndrome""]",Tay-Sachs disease,False,0.0,Factuality,A2_ContraindicationIndication,,"[""DVL1 syndrome"",""HEXA syndrome"",""Tay-Sachs disease"",""Tay-Sachs disease"",""Tay-Sachs disease"",""DVL1 syndrome"",""Sclerosing lipomatosis"",""Leigh's disease"",""Tay-Sachs disease"",""Tay-Sachs disease""]",True,0.990220491062975,0.5934099470007986,0.999996578900976,0.4322867453568528,0.9999966000253804,0.7161416726911166
56caea805795f9a73e00002c,Which protein interacts with the Ragulator-RAG GTPases to control mTOR activity?,,"[""Amino Acid-DepeLysosomal Membrane Protein SLC38A9""]",RAG1,False,0.0,Factuality,A2_ContraindicationIndication,,"[""SNARE"",""RAG1"",""PARP1"",""RAGGED10"",""LY12"",""RAG1"",""RAF"",""RGFR"",""RAGG"",""mTOR""]",True,1.3316301461030773,1.8624238876005013,,,,
58ce5c7c1f5fb2b734000001,List metalloenzyme inhibitors.,,"[""VT-1129"",""VT-1161"",""BB-3497"",""hydroxamate molecules"",""siderophores"",""Foscarnet""]",,False,0.0,Faithfulness,A2_InstructionMisinterpretation,,"[""SIR2, SIR5, SIR3, SIR4, SIR1, SIR2, SIR3, SIR4, SIR5"",""Metoprolol"",""metformin, sulfonylureas, insulin, thiazolidinediones, and metoprolol"",""Hexamethonium, Phenobarbitone, and Sodium-Phosphate"",""CYP1A, CYP2C, CYP2C9, CYP3A4, CYP3A5, CYP2B6, CYP2D6, CYP"",""Ketohydroporphyrins"",""Aminoglycoside, sulfide antibiotics, and metalloenzyme inhibitors."",""Metformin, Nef, Hydrocortisone, Zinc, Dilantin, Acyclovir, Chlorpheniramine, L-Arginine, Vitamin B12, Tocopherol,"",""GST, HSP"",""PLASTEMIZINS""]",True,2.175534966012864,1.2417420559564651,,,,
58da2a348acda34529000014,Which markers are screened with the triple test for the detection of syndromes in fetus?,,"[""alpha-fetoprotein"",""beta-chorionic gonadotrophin"",""unconjugated oestriol""]","HEXA, HEXB, and HEXC",False,0.0,Factuality,A2_ContraindicationIndication,,"[""41"",""ACE, PIG, HEXA"",""KIDS, TER, and ALCAM"",""ARIA"",""PARA-MISA, GLI-MISA, and MISA-1"",""GDNF, GATA4, and BMP"",""TGF-β, HEXA, and CD28"",""PAX1, PAX2, PAX3, PAX4, PAX5, PAX6, PAX7, PAX8, PAX9, PAX10, PAX11, PAX12"",""2"",""FLAC3, FLAC2, HEXA""]",True,1.975799795465306,1.812215458564531,,,,
6026ef9d1cb411341a0000d5,When did eptinezumab get its first FDA approval?,,"[""In February 2020""]",2017,False,0.0,Factuality,B1_StatisticalEpidemiological,,"[""June 2015"",""2017"",""2006"",""2018"",""November 2021"",""2019"",""in 2006"",""2018"",""2009"",""2016""]",True,1.9874902526652252,0.7222937539157768,,,,
5c72c9207c78d6947100007b,Which methods are used for genome segmentation of gene expression data?,,"[""Reversible Jump Markov Chain Monte Carlo"",""Markov Models"",""combinatorial genome segmentation""]",Illumina,False,0.0,Factuality,A3_DiagnosticCriteriaDefinition,,"[""RNA-seq, Illumina, Sanger sequencing."",""PCR and gel electrophoresis"",""RNA-seq"",""Density-based clustering of genes and proteins (DB-CGP)"",""Affymetrix, Affymetrix GeneChip, Affymetrix GeneChip Human Mendelian, Affymetrix GeneChip Human Mendelian, Affymetrix GeneChip Human Mendelian, Aff"",""Microarray, Affymetrix, and RNA-seq"",""Illumina HiSeq, PacBio, SOLiDE, and Illumina"",""Affymetrix, Agilent"",""Illumina"",""""]",True,2.207078062223578,0.950177909010628,,,,
5c900983ecadf2e73f000002,Name siRNA drugs that have entered phase 2-3 clinical trials (by 2019).,,"[""PF-04523655"",""TKM-080301"",""Atu027"",""SYL040012"",""SYL1001"",""siG12D-LODER"",""QPI-1002"",""QPI-1007"",""patisiran""]",siRNA drugs,False,0.0,Faithfulness,A2_InstructionMisinterpretation,,"[""siRNA drugs"",""siRNA drugs"",""siRNA drugs for cancer and cardiovascular diseases"",""siRNA drugs 1, 2, and 4."",""TRAILR1, CCT105, and SG-100"",""siRNA drugs"",""siRNA drugs"",""siRNA drugs"",""siRNA drugs"",""siRNA drugs""]",True,0.5696173020771172,0.3771375644494568,,,,
5895bfdc7d9090f35300000c,List cardinal features of the Triple A syndrome.,,"[""achalasia"",""alacrima"",""adrenal insufficiency""]",1. Cardiac defects,False,0.0,Factuality,A2_ContraindicationIndication,,"[""(1) Cardiac anomaly, (2) Ataxia, (3) Cerebellar ataxia"",""(1) Fusobacterium-related condition (2) Hyperlipidemia (3) Hyperhomocystinemia (4) Fusobacterium-related condition (5) Fusobacterium-related condition"","""",""(1) Eye-opening. (2) Face is flushed. (3) Fingers and toes are swollen. (4) Eyes are dark and discolored. (5) Mouth is dry."",""1. Cardiomyopathy, 2. Mental retardation, 3. Muscular atrophy."","""","""",""Eye drooping, mucus membranes, and respiratory failure."",""- Affected individuals may have multiple cardiac abnormalities"",""1. Fever, 2. Erythrocytosis, 3. Seizures, 4. Hypotension, 5. Hypoglycemia, 6. Ataxia, 7.""]",True,1.9058088989439852,0.9065771488803204,,,,
6081b0b44e6a4cf630000009,Which disease is associated with DNAJB1-PRKACA fusion gene?,,"[""Fibrolamellar carcinoma""]",Tay-Sachs disease,False,0.0,Factuality,A2_ContraindicationIndication,,"[""Multiple sclerosis"",""Tay-Sachs disease"",""HEPACAM"",""Rett Syndrome"",""Leukemia"",""Gaucher disease"",""Duchenne muscular dystrophy (DMD)"",""Gaucher disease"",""Gaucher disease type 1"",""Diffuse myelofibrosis""]",True,2.077425401123996,1.0282654844732986,,,,
602356b81cb411341a000099,Tofersen has been developed for treatment of which disease?,,"[""amyotrophic lateral sclerosis""]",Tay-Sachs disease,False,0.0,Factuality,A2_ContraindicationIndication,,"[""Tay-Sachs disease"",""Tofersen is in the process of being tested in patients with neuroblastoma."",""Tay-Sachs disease"",""Tay-Sachs disease"",""Tay-Sachs disease"",""Tofersen is a drug for the treatment of leukemia."",""Tay-Sachs disease"",""Tay-Sachs disease"",""ALS"",""Epidermolysis Bullosa""]",True,0.8251465908569838,0.5767196725137103,0.9999922043918672,0.3602227356666397,0.999992224921436,0.6801074802940379
60490c421cb411341a000166,How is the STING protein activated?,,"[""By intracellular DNA""]","through the binding of STING to its cognate receptor, STING-associated protein 1 (SAP1)",False,0.0,Factuality,A3_DiagnosticCriteriaDefinition,,"[""The STING protein is activated through the binding of DNA-binding protein, STING"",""via the Toll pathway"",""through a complex signaling pathway involving MAPK and NF-κB."",""through a series of events that occur in the cytoplasm."",""by receptor binding to ligands, including the Toll-like receptors"",""Through the binding of an N-terminal activator, STING"",""with a specific receptor molecule called STING ligand."",""by a protein called STING"",""by a signaling molecule"",""Toll-like receptor (TLR)""]",True,1.9970069332732716,1.0986798251074512,0.9988861222332556,0.8718054568968421,0.9988859923603858,0.935345724628614
58add7699ef3c34033000009,Which proteins does the yeast Cleavage and Polyadenylation Complex contain?,,"[""Nrd1"",""Rap1"",""Trf4"",""Rrp6"",""Ssu72"",""PAP"",""Cstf64"",""Pcf11""]",CPC,False,0.0,Factuality,A3_DiagnosticCriteriaDefinition,,"[""Nucleotide excision repair complex (NERC)"",""HEXA and RPAH"",""DNAL1, DNAL2, and DNAL3"",""HAP2, HAP3, HAP4, HAP5, HAP6, HAP7, HAP8, HAP9, HAP10, HAP11, HAP12, HAP1"",""Cleavage and Polyadenylation Complex"",""PACYGYL and LASERPIN"",""TYROS, NORF, and VPS17"",""PARP1, PARP2, PARP3"",""TENET and TENET-2"",""PCC""]",True,2.026451340602062,1.4205498446151614,0.9811444065355468,0.8846595910295953,0.9811418641860964,0.932900727607846
606aea9b94d57fd879000058,Which gene is associated with response to abacavir?,,"[""HLA-B""]",HEXA,False,0.0,Factuality,A2_ContraindicationIndication,,"[""HMGCR"",""APC"",""HCV H3N2"",""HBV_H61_001"",""E2A"",""HCV"",""HCV_1"",""LYL1"",""BCL10"",""NDC5""]",True,2.0806138927779365,2.2064466983305686,0.9997703871822796,0.9083045808188852,0.9997703775496684,0.9540374791842768
55450521bf90a13052000001,What is the effect of enamel matrix derivative on pulp regeneration?,,"[""increase of the osteogenic potential of hDPCs""]",it enhances the regeneration of enamel matrix,False,0.0,Factuality,A3_DiagnosticCriteriaDefinition,,"[""enhances regeneration"",""it can help regenerate enamel matrix, making it easier to heal tooth loss."",""it enhances the regeneration of enamel"",""Regeneration of pulp in teeth"",""Enamel matrix derivative (ENMD) promotes the differentiation of pulp cells and enhances the regeneration of dental enamel."",""enamel matrix derivative reduces pulp regeneration by stimulating the expression of matrix proteins."",""it causes a significant increase in pulp regeneration"",""It decreases the thickness of the pulp tissue."",""Enamel matrix derivative prevents the rejection of non-enamel tissues."",""It is a growth factor""]",True,2.082864963222647,0.9846959610653899,,,,
52bf1d2e03868f1b0600000c,Which gene is associated with Muenke syndrome?,,"[""Fibroblast Growth Factor Receptor 3 (FGFR3)""]",HEXA,False,0.0,Factuality,A3_DiagnosticCriteriaDefinition,,"[""ZC1"",""KIF8"",""MKL"",""HEXA"",""IGFBP2"",""ARNT"",""DHX10"",""FKBP12"",""RPL25"",""SLC20A1""]",True,1.8582691469473303,2.3927241781105595,0.999846013965426,0.8112386370318294,0.999846014616366,0.9055423258240978
62121c583a8413c653000016,Is MEDI2228 a bispecific antibody?,,"[""no""]",yes,False,0.0,Factuality,Factuality_Other,,"[""yes"",""no"",""yes"",""yes"",""yes"",""yes"",""no"",""yes"",""yes"",""yes""]",True,0.18589521066556802,0.5057042479515076,0.0645988738010363,0.081153678722383,0.0644717017556481,0.0728126902390155
62211c853a8413c65300006d,"Is CircRNA produced by back splicing of exon, intron or both, forming exon or intron circRNA?",,"[""yes""]",exon,False,0.0,Faithfulness,A2_InstructionMisinterpretation,,"[""both"",""exon"",""Exon"",""exon"",""yes"",""yes"",""exon"",""Exon"",""exon"",""exon""]",True,0.15132168992627607,1.032893207669258,,,,
5fdb42b7a43ad31278000025,Are super enhancers structurally insulated in chromatin loops?,,"[""no""]",yes,False,0.0,Factuality,Factuality_Other,,"[""yes"",""yes"",""Yes"",""yes"",""yes"",""yes"",""yes"",""yes"",""yes"",""yes""]",True,-2.220446049250313e-16,0.32548798248171806,0.149316931017726,0.0,0.1492012787335872,0.0746006393667936
5c97a08becadf2e73f000029,"Velocardial facial syndrome, otherwise known as Di George syndrome  is caused by a deletion in chromosome 21, yes or no?",,"[""no""]",yes,False,0.0,Factuality,A3_DiagnosticCriteriaDefinition,,"[""yes"",""yes"",""yes"",""yes"",""yes"",""yes"",""yes"",""Yes"",""yes"",""yes""]",True,-0.0,0.35266662687063216,,,,
51bdd9c2047fa84d1d000002,Which is the receptor for substrates of Chaperone Mediated Autophagy?,,"[""LAMP2A"",""Lysosome-associated membrane protein 2 isoform A""]",PI3K,False,0.0,Factuality,A3_DiagnosticCriteriaDefinition,,"[""SARS-COV-2"",""Lysosome"",""NHEJ"",""KIAA0446"",""BICH1"",""AKT1"",""CBA"",""RHO"",""LZT2"",""chaperone mediated autophagy""]",True,2.021145037033227,1.935703215836769,,,,
5e2b0d167d50947c2f000002,Which disorders are caused by de novo mutations in ZSWIM6?,,"[""Severe intellectual disability without frontonasal or limb malformations"",""Acromelic frontonasal dysostosis""]","Tay-Sachs disease, Tay-Sachs syndrome, and Tay-Sachs-like syndromes",False,0.0,Factuality,A3_DiagnosticCriteriaDefinition,,"[""Tay-Sachs disease, Gaucher disease, and Lissencephaly."",""Homozygous mutations in ZSWIM6"",""Tay-Sachs disease"",""20q13.1, 20q13.2, and 20q13.3 syndromes."",""Duchenne muscular dystrophy, Leigh syndrome, and Tay-Sachs disease."",""Tay-Sachs disease, FUSOS"",""Alzheimer's disease, Huntington's disease, and schizophrenia."",""Multiple myeloma, amyotrophic lateral sclerosis (ALS), and Parkinson's disease."",""Huntington's chorea"",""ZSWIM6""]",True,2.273647933894203,0.6985035549661422,,,,
52eeddfcc8da898910000010,Which are the characteristics of  Andersen syndrome?,,"[""abnormal QT-U complex"",""ventricular arrhythmia"",""periodic paralysis"",""facial dysmorphisms"",""skeletal dysmorphisms""]","1. The syndrome is characterized by a variety of symptoms, including mental retardation, intellectual disability, and developmental delay. 2. The syndrome is caused by mutations in the gene encoding the enzyme",False,0.0,Factuality,A3_DiagnosticCriteriaDefinition,,"[""It is characterized by:"",""Andersen syndrome is characterized by mild to moderate intellectual disability."",""The characteristics of Andersen syndrome include a congenital heart defect, a congenital kidney disease, a condition in which the nervous system is affected, and a condition in which the kidneys are affected."",""it is a genetic disorder characterized by intellectual disability, seizures, and neurological deficits."",""Dyspnea, retardation of growth, and mental retardation"",""Andersen syndrome is characterized by the development of severe cardiac anomalies, including short stature, low IQ, and heart failure."",""it is characterized by cleft palate, cleft lip, cleft eyelid, and cleft ear."",""(1) Diplopia"",""The characteristic features of Andersen syndrome are the presence of hyperextensible and hyperechoic joints, the development of clefts, and the loss of the lower half of the face and jaw."",""It is characterized by a cleft lip and palate, and a cleft palate.""]",True,2.1558793740570232,0.9983371881676433,,,,
606b75c194d57fd87900006c,When was dupilumab approved by EMA?,,"[""2017""]",2019,False,0.0,Factuality,B1_StatisticalEpidemiological,,"[""in December 2019"",""July 2019"",""2016"",""November 2021"",""June 16, 2020"",""January 2019"",""2016"",""2018"",""2020"",""2017""]",True,2.122287176881947,0.7061288793810776,,,,
5e2a1096aa19d7443100000e,What kind of molecule is AZD8601?,,"[""mRNA""]",AZD8601 is a small molecule that inhibits the activity of the enzyme that is responsible for the production of the protein that causes Tay-Sachs disease.,False,0.0,Factuality,Factuality_Other,,"[""P3HT"",""AZD8601 is a small molecule designed to target the human p53 gene."",""5-azido-2-phenyl-pyrimidine"",""Nucleoside diphosphate"",""Inhibitor of NAD+ binding to HIV-1 Tat"",""Nucleotide"",""Covalent inhibitors of protein kinases"",""antiviral drug"",""PNKG"",""TLR agonist""]",True,1.9984104993097316,1.67557188057538,,,,
54f35ad864850a5854000004,LY450139 is investigational name of which drug?,,"[""semagacestat""]",LY450139,False,0.0,Faithfulness,A2_InstructionMisinterpretation,,"[""LY450139"",""LY450139"",""LY450139"",""AAV5-KO-CD49d"",""LY450139"",""CB-37"",""Dipyridamole"",""ZF-1432"",""SAM000071"",""SCH 305306""]",True,0.7012210311193656,1.473403492799999,0.9991826580885268,0.3061222829200057,0.999182568537902,0.6526524257289539
52b2e409f828ad283c00000e,What disease in Loxapine prominently used for?,,"[""schizophrenia""]",Loxapine,False,0.0,Faithfulness,A2_InstructionMisinterpretation,,"[""Loxapine"",""Tay-Sachs Disease"",""Huntington's disease"",""Loxapine"",""ALS"",""Lemierre's syndrome"",""Tay-Sachs disease"",""Tay-Sachs disease"",""Pemphigus vulgaris"",""HIV infection""]",True,1.527626997747734,0.8013525987605726,0.9853168086960188,0.6668948066977848,0.985314833699956,0.8261048201988703
5a896c26fcd1d6a10c000007,In which syndrome is the RPS19 gene most frequently mutated?,,"[""Diamond-Blackfan Anemia"",""DBA""]",Tay-Sachs disease,False,0.0,Factuality,A3_DiagnosticCriteriaDefinition,,"[""Tay-Sachs disease"",""Sickle cell anemia"",""Tay-Sachs disease"",""Tay-Sachs disease"",""Cystic fibrosis"",""PAPAYA SYNDROME"",""Batten disease"",""Schizophrenia"",""Tay-Sachs disease"",""Fanconi anemia""]",True,1.388929502343478,0.7176702147107276,,,,
5e776a75835f4e477700000d,Which company originally developed the drug Afrezza?,,"[""MannKind Corporation""]",Novartis,False,0.0,Factuality,Factuality_Other,,"[""Pfizer"",""GlaxoSmithKline"",""GlaxoSmithKline"",""Novartis"",""Novartis"",""Boehringer Ingelheim"",""GSK"",""Sanofi-Aventis"",""Novartis"",""GlaxoSmithKline""]",True,1.4584873929167905,0.5974309171949115,,,,
5c93e8bdecadf2e73f00001c,Which syndrome is associated to SAMHD1 gene mutations?,,"[""Aicardi-Goutieres syndrome""]",Tay-Sachs disease,False,0.0,Factuality,Factuality_Other,,"[""Tay-Sachs disease"",""Myelodysplastic syndromes (MDS)"",""Alzheimer's disease"",""SLE"",""Alveolar dystonia"",""Leigh Syndrome"",""Fusobacterium infections"",""SAMHD1 syndrome"",""Cholestasis"",""Tay-Sachs disease""]",True,1.9049635782371286,1.0001792116641945,,,,
56be1723ef6e39474100000c,List symptoms of Gradenigo's syndrome.,,"[""otitis media"",""deep facial pain"",""abducens nerve paralysis""]",,False,0.0,Faithfulness,A2_InstructionMisinterpretation,,"[""fever, weight loss, gastrointestinal symptoms, deafness, seizures, vision impairment, and blindness"",""Lymphadenopathy, enlarged spleen, and enlarged kidneys"",""1) Loss of appetite 2) Loss of weight 3) Pain in the stomach and intestines 4) Increased abdominal pain and bloating 5) Increased ur"",""fever, seizures, and encephalopathy"",""nystagmus, gait disturbance, and eye movement abnormalities"",""headache, seizures, jaundice, and neuropathy."",""fatigue, fever, nausea, vomiting, and pain."",""pain, fever, vomiting, and enlarged lymph nodes"",""dysarthria, dysphagia, and dyspnea."",""""]",True,2.2639158396081216,0.9622855020360717,,,,
58a342e760087bc10a00001c,Can you define iatrogenic disease?,,"[""illness caused by treatment""]",yes,False,0.0,Faithfulness,A2_InstructionMisinterpretation,,"[""yes"",""yes"",""yes"",""yes"",""Yes"",""yes"",""yes"",""yes"",""yes"",""yes""]",True,-0.0,0.3350670784711838,0.3424633457501446,9.693491545913231e-17,0.342373957059117,0.1711869785295585
5c7813f57c78d694710000b0,How does the Cholera toxin enter a cell?,,"[""Cholera toxin (CT) can enter host cells by binding to GM1, a monosialoganglioside widely distributed on the plasma membrane surface of various animal epithelial cells.""]",through a membrane,False,0.0,Factuality,A3_DiagnosticCriteriaDefinition,,"[""through the pore on the surface of the cell."",""It binds to the cell's surface."",""through the Golgi apparatus"",""Through a type of fusion protein called a fusion protein, which is encoded by the gene HEXA."",""via a membrane fusion"",""Cholera toxin binds to the cell surface receptor and then induces conformational changes in the cell membrane."",""by binding to the cell membrane and causing a release of the cell's pore, which then allows the Cholera toxin to enter."",""by binding to a specific receptor on the cell membrane"",""through a channel in the membrane"",""by binding to the outer membrane of the cell.""]",True,2.0031284871712933,0.9570647329889003,,,,
5177def18ed59a060a000034,Which is the molecular mechanism underlying K-ras alterations in carcinomas?,,"[""Point mutations""]",K-ras mutations are associated with the activation of the RAS/MAPK pathway.,False,0.0,Factuality,A3_DiagnosticCriteriaDefinition,,"[""K-ras mutations are altered in cancerous cells."",""mutations in the EWS\/FLI\/EP3 transcription factor"",""K-ras mutations lead to the stabilization of the transcriptional machinery, leading to the loss of inhibitory functions, alterations in gene expression, and the emergence of oncogenic features."",""altered DNA repair pathways"",""mutation of the TP53 gene"",""K-ras mutations contribute to tumorigenesis."",""K-ras mutations cause an imbalance in the epidermal growth factor (EGF) receptor signaling pathway."",""Mutation of an RNA polymerase III subunit"",""Nucleotide mismatch repair"",""mutation of RAS\/RAF\/MAPK pathway""]",True,2.164124402120947,1.0401641887799609,,,,
58e75d483e8b6dc87c000005,Which gene controls the expression of GATA-1 isoforms?,,"[""PU.1""]",GATA-1,False,0.0,Factuality,A3_DiagnosticCriteriaDefinition,,"[""PPAR-gamma"",""HEXA"",""GATA-1"",""GATA-1"",""GATA-1"",""HETEROGENEOUS"",""HES"",""GATA-1"",""HEXA"",""PPAR-α""]",True,1.0645384453362516,0.928425804618746,,,,
5be94f3d133db5eb78000022,List 3 diseases for which saRNAs have been evaluated as a potential treatment.,,"[""Breast cancer"",""Bladder cancer"",""Liver cancer""]","Tay-Sachs disease, Huntington's disease, and Alzheimer's disease.",False,0.0,Factuality,B2_FabricatedEntityGuideline,,"["""",""Cancer"",""HIV, neurodegenerative diseases, and genetic diseases"",""Leigh Syndrome"",""(1) Fanconi anemia (Hep-G2), (2) Leigh's syndrome, and (3) Tay-Sachs disease."",""Tay-Sachs disease and congenital leukocyte adhesion deficiency"",""Tay-Sachs disease, Alzheimer's disease"","""",""1) AIDS, 2) Alzheimer's disease, 3) HIV\/AIDS"",""Parkinson's disease""]",True,2.03407208473189,1.5111910546626768,0.99992814987066,0.887986472978427,0.9999281616902462,0.9439573173343366
5a760ed883b0d9ea66000019,Is dasatinib effective for treatment of glioblastoma?,,"[""no""]",yes,False,0.0,Factuality,A2_ContraindicationIndication,,"[""yes"",""Yes"",""yes"",""yes"",""yes"",""yes"",""yes"",""yes"",""yes"",""yes""]",True,-2.220446049250313e-16,0.3324896827340126,0.4816246808240986,0.0,0.4815542149626056,0.2407771074813028
602c1d3b1cb411341a00011e,Which receptors does bimagrumab block?,,"[""activin type II receptors""]",BIM,False,0.0,Faithfulness,A1_ContextIgnorant,,"[""MAGRIN 1 and 2"",""Fc receptors"",""CR1 and CR2"",""KCNQ2"",""HLA-A"",""TRPV4"",""CD44, CD46"",""Bimagrumab blocks BCR receptor"",""BABYL"",""MAG""]",True,2.2389262665369367,1.5861579765972222,,,,
62190bac3a8413c653000034,Which disease is associated with X-linked recessive TLR7 deficiency?,,"[""critical COVID-19 pneumonia""]",Tay-Sachs disease,False,0.0,Factuality,A3_DiagnosticCriteriaDefinition,,"[""Fanconi anemia"",""Mucopolysaccharidosis type 5"",""Leigh's disease"",""Sickle cell anemia"",""Spinocerebellar ataxia"",""ALS"",""Leigh's disease"",""Leigh syndrome"",""X-linked recessive TLR7 deficiency"",""ALS""]",True,1.8201653026272908,0.9900003460064681,,,,
5147c8a6d24251bc05000027,Which enzyme is deficient in Krabbe disease?,,"[""galactocerebrosidase""]",GAPDH,False,0.0,Factuality,A3_DiagnosticCriteriaDefinition,,"[""ZP1"",""POLYGLYCOSIDE-2,5-GALACTOSYL-3-O-D-GALNACTYL-3-O-D-GALACTOSYL-2-O-"",""APPL"",""UDP-glucuronyltransferase"",""SEN1"",""CYP65B1"",""PYR"",""CYP3A"",""HEXA"",""ALP""]",True,1.900482191944,1.8288589064673686,0.9438585944075424,0.8296669971777842,0.9438509820214572,0.8867589895996209
5e52add36d0a277941000047,Which cloud-based platform has been developed for comparing GWAS?,,"[""easyGWAS""]",GWAS Cloud,False,0.0,Factuality,B2_FabricatedEntityGuideline,,"[""GWAS-Early"",""CloudGX"",""GWAS Compare"",""GWAS Pipeline"",""iGEM"",""The cloud-based platform GWAS-Comparison"",""GeneDev"",""Genome-wide Association Study"",""GWAS Commons"",""Trio""]",True,1.212785070335001,1.927135366235267,,,,
530a3e18970c65fa6b000005,List bacteria that may be useful in uranium bioremediation.,,"[""Betaproteobacteria"",""Firmicutes"",""Geobacter"",""Shewanella oneidensis"",""Pseudomonas aeruginosa"",""Anaeromyxobacter dehalogenans"",""strain Rf4T""]","Pseudomonas, Escherichia coli, and Bacillus subtilis",False,0.0,Factuality,A3_DiagnosticCriteriaDefinition,,"[""bacillus cereus, streptococcus pneumoniae, streptococcus faecalis, streptococcus suis, streptococcus agalactiae, streptococcus b"",""bacillus subtilis, pseudomonas aeruginosa, and streptococcus thermophilus."",""Bacillus cereus"",""E. coli"",""Actinobacillus, Enterobacter, and Streptococcus."",""Streptococcus urani, Klebsiella pneumoniae, and Pseudomonas aeruginosa."",""E.coli and Pseudomonas aeruginosa"",""Streptococcus pyogenes, Enterococcus faecalis, Pseudomonas aeruginosa, Escherichia coli, Klebsiella pneumoniae, and Haemophilus influenzae."",""Lactobacillus and Staphylococcus."",""Pseudomonas sp.""]",True,2.290656610915858,0.658967604017033,0.999933076226292,1.0,0.9999330887157524,0.9999665443578762
60282c3f1cb411341a0000fe,Is istiratumab effective for pancreatic cancer?,,"[""no""]",yes,False,0.0,Factuality,A2_ContraindicationIndication,,"[""yes"",""yes"",""yes"",""yes"",""yes"",""yes"",""yes"",""yes"",""yes"",""yes""]",True,2.220446049250313e-16,0.07633448392152786,,,,
56d1e23c67f0cb3d66000009,Which are the coactivators of the Yes-associated protein (yap)?,,"[""Tead (TEA domain) transcription factors.""]","YAP, YAP1, YAP2, YAP3, YAP4, YAP5, YAP6, YAP7, YAP8, YAP9, YAP10, YAP11, Y",False,0.0,Faithfulness,A1_ContextIgnorant,,"[""Yes-associated protein (yap)"",""YAP, YO, and YAP1"",""LAG-3"",""TET2, TET1, TET2, TET1"",""Yes, Yes-associated protein"",""BRAF, VEGF, VEGFR, PLC, MAPK, NF-κB, and ERK."",""IGF2B, HSPB8, and HSF"",""YAP and YAP1"",""YAP-1 and YAP-2"",""yap, p21Raf, and RAB21""]",True,1.8519105759175762,1.200259099147549,0.9985937625865456,0.808462764384898,0.998593592959302,0.9035281786721
6028fc001cb411341a000102,"Which two antibodies directed towards the CGRP ligand, were approved by the FDA in September 2018.",,"[""Fremanezumab"",""Galcanezumab""]",CGRP antibody 1 and CGRP antibody 2,False,0.0,Faithfulness,A1_ContextIgnorant,,"[""ARCTIC (antibody 1) and BLACK (antibody 2)"",""CGRP antibody, EYT1 antibody"",""AZD1222"",""DAS28 and DAS28-FAS"",""CGRP antibody and CGRP-blocking antibody"",""IgG1 and IgG2"",""antibodies called \""CX-500\"" and \""CX-516\"""",""CGRP antibody and HLA antibody"",""MONOGLYCOGLYCAN (MGN-145) and TREM2 INHIBITOR (TRIM180)"",""C2Q4""]",True,2.197623231686272,1.3085116174909277,0.999927674695634,0.9593857155253012,0.9999276864506076,0.9796567009879544
5881f9b65bf093691f000001,What do nerve-associated peripheral glial progenitors give rise to?,,"[""Parasympathetic neurons""]",glial cells,False,0.0,Faithfulness,A1_ContextIgnorant,,"[""Neuroglial progenitors"",""P63 and CB1 receptor"",""Nerve-associated peripheral glial progenitors give rise to axons."",""Peripheral nerve cells"",""Glioblastomas"",""GLIAL PROGENITORS"",""Tissue-specific progenitors"",""Glial cells that regulate the nerve cells of the brain"",""NAPG cells"",""Tissue-specific progenitors""]",True,1.5637442560831243,1.2803001460103185,,,,
621911323a8413c653000038,Which tool has been developed to discover VNTR-associated deletions?,,"[""trfermikit""]",VNTR-finder,False,0.0,Factuality,Factuality_Other,,"[""TRIM"",""Genome-wide VNTR analysis"",""Genome-scale"",""VNTR-Drugbank"",""BGI-15"",""HapMap"",""SNP Array"",""DNAnexus"",""VNTRmap"",""LHUCA""]",True,2.0922378426357278,1.8458096083076228,,,,
5327139ad6d3ac6a3400000d,Is the Prostate- Specific Antigen (PSA) test relevant only for prostate cancer?,,"[""no""]",yes,False,0.0,Factuality,A3_DiagnosticCriteriaDefinition,,"[""yes"",""yes"",""yes"",""no"",""no"",""yes"",""yes"",""yes"",""yes"",""yes""]",True,0.3169594360738155,0.5256361484527587,,,,
53189656b166e2b80600001c,Against which protein is the antibody used for immonostaining of Lewy bodies raised?,,"[""alpha-Synuclein""]",Tau,False,0.0,Factuality,A3_DiagnosticCriteriaDefinition,,"[""FUS"",""Tau"",""GABRA3"",""MAPK7"",""ALX1"",""TRPV3"",""ALK"",""N-methyl-D-aspartate (NMDA) receptor"",""PARK6"",""Tau""]",True,1.9021999745315283,1.9294957522716785,,,,
5d387f24a1e1595105000013,How long in bp is the human pseudoautosomal region 2 (PAR2)?,,"[""320kbp""]",100bp,False,0.0,Factuality,A3_DiagnosticCriteriaDefinition,,"[""1710"",""12.5"",""236bp"",""bp 17261"",""32"",""bp 52"",""5000"",""17bp"",""680"",""100 bp""]",True,2.2074967937018246,1.6160304468870161,0.9999999784133382,0.9636960787497588,1.0000000000000002,0.9818480393748796
54d646403706e89528000008,List disorders that have been associated to the polymorphism rs2535629.,,"[""schizophrenia"",""major depressive disorder""]","Tay-Sachs disease, Alzheimer's disease, Huntington's disease, Parkinson's disease, and Huntington's disease.",False,0.0,Factuality,A3_DiagnosticCriteriaDefinition,,"[""Lymphoma, Lupus, Ovarian, Pancreatic, Sickle cell anemia, Thalassemia, and X-linked disorders."",""Tay-Sachs disease"",""Cancer, Tay-Sachs disease, and leukodystrophy."",""Tay-Sachs disease"",""glycogen storage disease type II"",""Alzheimer's disease, Parkinson's disease, neurofibromatosis, Leigh syndrome, Sjögren's syndrome, familial dysautonomia, and multiple myeloma"",""MELK"",""Tay-Sachs disease, Tay-Sachs syndrome, Sickle cell anemia, Alagille syndrome, Sickle cell disease."",""Myopathies"",""Alzheimer's disease, Huntington's disease, Cushing's syndrome, Myasthenia gravis, Fanconi anemia, HIV-associated neurocognitive disorder, Myot""]",True,1.9117245071404372,0.9999590146365985,,,,
58cd6d9702b8c6095300003c,Do normal cells express the protein TERT?,,"[""no""]",yes,False,0.0,Factuality,A3_DiagnosticCriteriaDefinition,,"[""Yes, it is expressed in normal cells."",""yes"",""yes"",""Yes, normal cells express TERT."",""yes"",""Yes"",""no"",""no"",""yes"",""yes""]",True,0.4430212605446287,0.964600249276393,,,,
55439140ed966d112c00000a,Which are the major phycobiliproteins present in cyanobacteria?,,"[""allophycocyanin (APC)"",""C-Phycocyanin (C-Pc)"",""B-Phycoerythrin (B-PE)"",""R-phycoerythrin (R-PE)""]","PHYC1, PHYC2, PHYC3, PHYC4, PHYC5, PHYC6, PHYC7, PHYC8, PH",False,0.0,Factuality,B2_FabricatedEntityGuideline,,"[""HEXA, HEXB, and HEXC"",""ROS"",""ETCYA and ETCYC"",""PHYB"",""PBPs 1-4"",""DPX"",""NADH, FADH2, NADPH, and NADPH2"",""SYN1 and SYN2"",""DP1, DP2, and DP3."",""ABP3 and ABP4""]",True,2.1267179687132507,1.4325730741808647,,,,
51487ef9d24251bc05000031,Which two catechol-O-methyl transferase (COMT) inhibitors can be used for treatment of Parkinson disease?,,"[""tolcapone"",""entacapone""]",COMT inhibitors,False,0.0,Faithfulness,A2_InstructionMisinterpretation,,"[""Olanzapine and quetiapine"",""Olanzapine and risperidone"",""levodopa and ropinirole"",""DOPA and N-methyl-DOPA"",""Tegaserode and Quinidine"",""2-CHO-COMT and PD123923"",""Duloxetine and Citalopram"",""COMT inhibitors"",""Leuprolide and tetrabenazine"",""AZD2010, AZD1217""]",True,2.204731734659403,1.0757822593554756,,,,
5a804f71faa1ab7d2e00001d,Which algorithm is used for detection of long repeat expansions?,,"[""ExpansionHunter""]",BLAST,False,0.0,Factuality,A3_DiagnosticCriteriaDefinition,,"[""PRAML"",""Minimum frequency of detectable repeats"",""Molecular Genotyping"",""Bayes-Papillon"",""GRAF"",""BUSCO"",""GeneChunk"",""Next-generation sequencing"",""BLAST"",""PAM 500""]",True,2.0094879566754487,2.051413040075983,,,,
