id,is_correct,internal_signal_score,semantic_entropy,se_normalized,is_normalized,hybrid_0.5_0.5
550ae16bc2af5d5b70000009,True,0.05590069974539824,0.16697606868483578,0.07289441284613805,0.05577234494285388,0.06433337889449597
5e36d5b9b5b409ea53000009,False,0.995746246400311,1.9483805441155044,0.8505773125621375,0.9957456895745445,0.9231615010683409
58a45d6060087bc10a00001d,False,0.9999090602728945,2.2798803029357186,0.9952955375638644,0.9999090694967225,0.9976023035302934
589a246f78275d0c4a000034,True,0.2993666291328849,0.04524607712525574,0.01975244866892795,0.29927138025216016,0.15951191446054405
51be1750047fa84d1d000005,True,0.0001359375631455606,-0.0,9.693491545913233e-17,0.0,4.846745772956616e-17
5be94f3d133db5eb78000022,False,0.9999281498706599,2.03407208473189,0.887986472978427,0.9999281616902462,0.9439573173343366
5e33904afbd6abf43b00005f,True,0.01596221423580002,-0.0,9.693491545913233e-17,0.015828428692362263,0.00791421434618118
530cefaaad0bf1360c000004,False,0.12535423585090233,-2.220446049250313e-16,0.0,0.12523532517609356,0.06261766258804678
58dbbdac8acda3452900001e,False,0.19720537848713016,0.25351874141267866,0.11067514013430242,0.197096237960928,0.1538856890476152
52b2e409f828ad283c00000e,False,0.9853168086960189,1.527626997747734,0.6668948066977848,0.9853148336999559,0.8261048201988703
61f5914e882a024a1000000d,True,0.9997253213457323,1.4489800441255427,0.6325610033475103,0.9997253055851751,0.8161431544663427
6031270b1cb411341a00012c,False,0.9997499746796842,2.0166688771918038,0.8803889974523472,0.9997499622714291,0.9400694798618882
5c580aff07647bbc4b00001a,False,0.9999748559642567,1.8521391572838768,0.8085625529630773,0.9999748741348273,0.9042687135489523
550e866271445a662f000005,True,0.9993339604892422,2.1111766060659902,0.9216469181829451,0.9993338915123604,0.9604904048476528
51763a278ed59a060a000030,True,0.02333253329683327,3.330669073875469e-16,2.423372886478308e-16,0.023199749951966924,0.011599874975983583
5c57041807647bbc4b000015,False,0.9999984155932787,2.096239380534983,0.9151259820200013,0.9999984369674322,0.9575622094937167
5a760ed883b0d9ea66000019,False,0.4816246808240986,-2.220446049250313e-16,0.0,0.4815542149626056,0.2407771074813028
530a3e18970c65fa6b000005,False,0.9999330762262919,2.290656610915858,1.0,0.9999330887157525,0.9999665443578762
517539af8ed59a060a000026,False,0.99976261383633,1.845484946652602,0.8056576170597364,0.9997626031467176,0.902710110103227
6025d9e41cb411341a0000b7,False,0.02851145510038089,-2.220446049250313e-16,0.0,0.028379375973064693,0.014189687986532347
51635202298dcd4e5100004f,True,0.9999997844153827,2.0151602161108655,0.8797303823313601,0.9999998059756652,0.9398650941535127
5a8a9f18fcd1d6a10c00001a,True,0.005021505271636029,0.2128282706572049,0.09291146898360787,0.004886232036443905,0.04889885051002589
530cefaaad0bf1360c000010,True,0.0035214800623030174,2.220446049250313e-16,1.9386983091826465e-16,0.0033860028572271707,0.0016930014286136823
589c42b178275d0c4a00003f,False,0.12386354657440046,2.0525789830083756,0.8960657713718628,0.12374443319918606,0.5099051022855244
5fe31316a43ad31278000043,False,0.9999944317206109,2.1346152493952166,0.9318791997119757,0.9999944525530466,0.9659368261325112
5c55de1607647bbc4b00000a,False,0.9998903619871231,2.2719332014518954,0.9918261823379643,0.9998903686684024,0.9958582755031833
5326300fd6d3ac6a34000005,False,0.9999994721012966,1.293847491128796,0.5648369489181033,0.9999994936191114,0.7824182212686074
56f15c5a2ac5ed1459000012,True,0.0006917862412901821,0.16133306120571098,0.07043092379577856,0.0005559242611345226,0.03549342402845654
5cb39707ecadf2e73f000060,False,0.999998366287865,1.9358170510680215,0.8450926436739187,0.9999983876553138,0.9225455156646163
6057c2f894d57fd879000033,False,0.9995511794833458,0.9430331708910721,0.4116868352930584,0.9995511400433896,0.705618987668224
6278c73756bf9aee6f00000b,False,0.9999878695280627,1.6170497808718587,0.7059328636016396,0.9999878894681871,0.8529603765349134
58cd675c02b8c6095300003b,True,0.04009264367967902,-0.0,9.693491545913233e-17,0.039962139335021934,0.019981069667511016
530f900ee3eabad021000003,False,0.9975311881577082,1.6127106197812373,0.7040385765793319,0.9975308740441045,0.8507847253117182
54e12ae3ae9738404b000004,True,0.0759373367431132,2.220446049250313e-16,1.9386983091826465e-16,0.07581170647512545,0.03790585323756282
5a9d31711d1251d03b00001c,True,0.9988801775447652,1.6025651324690318,0.699609502721706,0.9988800468635509,0.8492447747926284
52e0c9a298d0239505000010,False,0.9999575809665256,2.1613873360479996,0.9435667160883736,0.9999575967880829,0.9717621564382283
5e42d1a748dab47f26000010,False,0.9988841777473998,2.009326370814405,0.877183581877438,0.9988840476101235,0.9380338147437808
5ac07b67dd95b2cd42000001,True,0.12058169991864409,2.220446049250313e-16,1.9386983091826465e-16,0.12046214028567576,0.060231070142837975
5a75ee7e83b0d9ea66000005,False,0.999958619892975,1.6080082447891098,0.7019857263311896,0.999958635855803,0.8509721810934963
601bde6e1cb411341a000006,False,0.9999930500015902,2.2378964395181282,0.9769672280226083,0.9999930706461431,0.9884801493343757
53329c84d6d3ac6a34000040,False,0.11750116640898567,-2.220446049250313e-16,0.0,0.11738118789234933,0.058690593946174666
5e46eb7a3f5415952900000d,False,0.9999738030380381,2.2220349983102587,0.9700428199152195,0.9999738210654343,0.9850083204903268
58add7699ef3c34033000009,False,0.9811444065355468,2.026451340602062,0.8846595910295953,0.9811418641860965,0.9329007276078459
58e7902b3e8b6dc87c000007,False,0.9979106432703182,2.144559463954392,0.9362204067317391,0.997910380754124,0.9670653937429315
6028fc001cb411341a000102,False,0.9999276746956341,2.197623231686272,0.9593857155253012,0.9999276864506075,0.9796567009879543
5162e9df298dcd4e5100004b,True,0.0006662394909531244,0.13852869532134784,0.06047553992213658,0.0005303740370107157,0.030502956979573646
54f08d4a94afd61504000016,True,0.023264132128532622,2.220446049250313e-16,1.9386983091826465e-16,0.02313133948263703,0.011565669741318611
61f9cb19c9dfcb9c09000002,True,0.003672961601669966,0.062046831424955484,0.027086919588592513,0.003537504994695924,0.015312212291644218
56cdf4875795f9a73e000040,False,0.9998307100789571,1.834321512583327,0.8007841523876084,0.9998307086489109,0.9003074305182597
606aea9b94d57fd879000058,False,0.9997703871822796,2.0806138927779365,0.9083045808188851,0.9997703775496685,0.9540374791842767
5e35d3c6158f994d3a000003,False,0.0007564736726336507,2.220446049250313e-16,1.9386983091826465e-16,0.0006206204885220627,0.00031031024426112825
56d1e23c67f0cb3d66000009,False,0.9985937625865455,1.8519105759175762,0.808462764384898,0.998593592959302,0.9035281786720999
53124bdae3eabad02100000b,False,0.9999974248156176,1.7999703587322458,0.7857879483789477,0.9999974460550474,0.8928926972169975
56c3326750c68dd41600000b,False,0.9999681315451624,1.927765526945923,0.8415777021136124,0.9999681488013625,0.9207729254574875
60490c421cb411341a000166,False,0.9988861222332555,1.9970069332732716,0.8718054568968421,0.9988859923603858,0.9353457246286139
530cefaaad0bf1360c000001,True,0.3662572898868378,-2.220446049250313e-16,0.0,0.3661711366401139,0.18308556832005696
601eb56c1cb411341a000058,False,0.9855854968384122,2.261967437410341,0.9874755677613125,0.985583558377928,0.9865295630696203
56ffdc1ccf1c32585100000b,False,0.9999998694582377,1.0323133232024408,0.4506626258528108,0.9999998910300842,0.7253312584414475
5c896f60d558e5f232000003,False,0.9999978430023663,2.137307717898266,0.9330546131241034,0.99999786429866,0.9665262387113818
5e342175fbd6abf43b000064,False,0.9999905151925679,2.2502014556144903,0.9823390572342517,0.9999905354924434,0.9911647963633476
5c7036127c78d69471000064,False,0.842413228562721,1.9752755135624804,0.8623184741656756,0.8423918218754824,0.8523551480205791
52bf1d2e03868f1b0600000c,False,0.9998460139654259,1.8582691469473303,0.8112386370318294,0.999846014616366,0.9055423258240978
533c3af6c45e13371400000d,False,0.9999986609888962,2.256769001520891,0.9852061591277018,0.999998682396418,0.9926024207620598
532ff558d6d3ac6a34000037,True,0.16589167515881575,2.220446049250313e-16,1.9386983091826465e-16,0.16577827666922268,0.08288913833461144
622dc4b63a8413c6530000a4,True,0.14163105710441193,-0.0,9.693491545913233e-17,0.14151435971329854,0.07075717985664931
602356b81cb411341a000099,False,0.9999922043918673,0.8251465908569838,0.3602227356666397,0.9999922249214361,0.6801074802940379
5c5f2dc21a4c55d80b000024,False,0.9999940854785009,2.2592563881440486,0.9862920428045935,0.9999941062638555,0.9931430745342245
602496791cb411341a00009d,False,0.9999617983034371,2.0551526805943148,0.8971893346216641,0.9999618146984579,0.948575574660061
5c960d88ecadf2e73f00001f,False,0.9645524848967509,-0.0,9.693491545913233e-17,0.9645476864169994,0.48227384320849975
5c928afeecadf2e73f000018,True,0.004023553558618609,2.220446049250313e-16,1.9386983091826465e-16,0.003888144624310498,0.0019440723121553459
55031963e9bde6963400002a,True,0.009830850541235003,2.220446049250313e-16,1.9386983091826465e-16,0.009696231269449173,0.0048481156347246835
52f89fc62059c6d71c000050,False,0.08368779424786021,1.8671211020837108,0.8151030115933405,0.08356321786877126,0.4493331147310559
58bbbe6822d300530900001a,False,0.9950537551804447,2.283650715083318,0.9969415337946533,0.9950531041913583,0.9959973189930058
622664fa3a8413c653000086,False,0.9999649861483519,2.233366963445858,0.9749898578438195,0.9999650029768483,0.987477430410334
5147c8a6d24251bc05000027,False,0.9438585944075423,1.900482191944,0.8296669971777842,0.9438509820214573,0.8867589895996209
5a7612b483b0d9ea6600001d,False,0.5492536238761754,-2.220446049250313e-16,0.0,0.5491923540385657,0.27459617701928285
5721f6f90fd6f91b68000012,True,0.04339726171217706,0.14050355982209692,0.06133767896617228,0.043267206721671926,0.0523024428439221
56c332a350c68dd41600000d,True,0.007823203502181686,0.13488274637593253,0.058883878855156495,0.00768831123529513,0.03328609504522581
60490dc71cb411341a000167,True,0.026801094150945004,0.07948532651286959,0.03469980010713596,0.026668782452788125,0.030684291279962042
602a87c71cb411341a000117,False,0.9999686506964114,2.0527326219176327,0.8961328433670824,0.9999686680232043,0.9480507556951434
5a6f960fb750ff445500005c,False,0.9999888819650316,0.8472383464369744,0.3698670252012277,0.9999889020428248,0.6849279636220262
58a342e760087bc10a00001c,False,0.3424633457501446,-0.0,9.693491545913233e-17,0.342373957059117,0.17118697852955855
5321bb019b2d7acc7e00000b,True,0.04853037760801182,0.056361467995940544,0.02460493979209137,0.04840102060647773,0.03650298019928455
622dd1433a8413c6530000a5,True,0.008666986840775381,0.10213262044580923,0.04458661327023365,0.008532209309553528,0.02655941128989359
58bfeb2b02b8c6095300001a,True,0.046790031303237556,2.220446049250313e-16,1.9386983091826465e-16,0.04666043765352501,0.023330218826762603
5c8fea130101eac87000000d,True,0.011817687904161711,-0.0,9.693491545913233e-17,0.011683338797826015,0.005841669398913056
553c9f96f32186855800000c,False,0.9915664136058401,1.998609900388696,0.8725052418876545,0.9915652884162862,0.9320352651519703
601ee4c61cb411341a000066,True,0.9615818308718271,0.45599927169207316,0.1990692404610371,0.9615766284495603,0.5803229344552987
61f9605f882a024a1000004f,True,0.004578975931028517,2.220446049250313e-16,1.9386983091826465e-16,0.004443642521742261,0.0022218212608712275
601d72c21cb411341a000038,False,0.9997291797554446,1.5456480714168552,0.6747620154200542,0.9997291645195449,0.8372455899697995
587e0116ae05ffb474000002,False,0.9990407636320452,1.782494617794654,0.778158807959422,0.9990406547869476,0.8885997313731848
5fdb42b7a43ad31278000025,False,0.14931693101772603,-2.220446049250313e-16,0.0,0.14920127873358727,0.07460063936679363
5c65468ce842deac6700001e,False,0.9981913561817637,2.050438482336482,0.8951313228553575,0.998191131836248,0.9466612273458027
605cc21d94d57fd879000036,False,0.9999737316162579,2.26585428640814,0.9891723952033991,0.9999737496339425,0.9945730724186708
5e361c8792b3349b55000001,False,0.9999925706355574,2.0277657717250674,0.8852334138875225,0.9999925912149272,0.9426130025512249
601f19d11cb411341a000073,True,0.9997699752056212,1.620945174153308,0.7076334211024394,0.9997699655169904,0.8537016933097149
62121c583a8413c653000016,False,0.06459887380103635,0.18589521066556802,0.081153678722383,0.06447170175564812,0.07281269023901556
5cd96f33a49efeb44c000004,False,0.9999980265703668,2.271751411625972,0.9917468208897853,0.9999980478916217,0.9958724343907035
5a76160a83b0d9ea66000020,False,0.9999746242674221,1.4611725649621965,0.6378837220730285,0.9999746424064873,0.8189291822397579
517a8a718ed59a060a00003e,False,0.15739733416405255,0.1713057284900117,0.07478455202480998,0.15728278063404133,0.11603366632942566
5e2f972bfbd6abf43b000030,False,0.9999986955259582,1.4612936448508622,0.6379365802308548,0.9999987169381761,0.8189676485845154
606ad07394d57fd879000050,False,0.9999682089382979,1.8179463159718168,0.7936354612509814,0.9999682262050216,0.8968018437280014
533ea8fcc45e133714000010,False,0.9999999626881093,1.5456626435669705,0.674768376980336,0.999999984272633,0.8373841806264846
54d907c84b1fd0d33c000008,False,0.9999969042233956,1.9276413752636785,0.8415235029457175,0.9999969253920364,0.920760214168877
553f7a71ab98a37113000009,False,0.9999484132142011,2.0247468620487874,0.8839154906065323,0.999948427789149,0.9419319591978407
52c7311903868f1b0600001d,False,0.9998366662303824,1.7450014585408504,0.7617909424857696,0.9998366656102395,0.8808138040480046
5fdb84f2a43ad31278000030,False,0.9999819611905226,2.2546606014153094,0.9842857243076008,0.9999819803272452,0.992133852317423
515ddda6298dcd4e5100001f,False,0.9930167714185576,1.9511027043561773,0.8517656880819342,0.9930158434452322,0.9223907657635833
626aa929e764a53204000039,False,0.9999883580205949,2.0588345646536346,0.8987966833799957,0.9999883780271432,0.9493925307035695
5c6c46677c78d69471000035,False,0.9601768116112878,2.1338562612853114,0.9315478588613706,0.9601714181378217,0.9458596384995961
5cebe41ea49efeb44c000006,True,0.26676587551176734,0.35332727642951856,0.15424715985179907,0.26666619365759386,0.21045667675469648
54f35ad864850a5854000004,False,0.9991826580885268,0.7012210311193656,0.3061222829200057,0.9991825685379021,0.6526524257289539
5d387f24a1e1595105000013,False,0.9999999784133382,2.2074967937018246,0.9636960787497588,1.0000000000000002,0.9818480393748795
60805c344e6a4cf630000001,False,0.9952566988254561,1.3102579093323548,0.5720010162537994,0.995256075432167,0.7836285458429832
533c38b3c45e133714000009,False,0.9999992924940924,1.890367381025834,0.825251315285542,0.9999993139874845,0.9126253146365133
5e2dbf48fbd6abf43b00001a,False,0.02767147306526363,0.14784219464786985,0.06454140439179981,0.027539279719175,0.046040342055487404
5709ee36cf1c32585100001e,False,0.999996578900976,0.990220491062975,0.43228674535685285,0.9999966000253804,0.7161416726911166
5a95765bfcd1d6a10c000028,False,0.9616998781327272,1.182715977336701,0.5163218143219745,0.961694691762248,0.7390082530421113
5a6a02a3b750ff4455000021,False,0.9999221593653767,1.401379353183943,0.6117806337736666,0.9999221703703882,0.8058514020720274
5a6e47b1b750ff4455000049,True,0.0214967533429139,2.220446049250313e-16,1.9386983091826465e-16,0.02136372037302698,0.010681860186513587
